id,Time,Head_x,Head_y,Head_z,ShoulderCenter_x,ShoulderCenter_y,ShoulderCenter_z,ShoulderLeft_x,ShoulderLeft_y,ShoulderLeft_z,ShoulderRight_x,ShoulderRight_y,ShoulderRight_z,ElbowLeft_x,ElbowLeft_y,ElbowLeft_z,ElbowRight_x,ElbowRight_y,ElbowRight_z,WristLeft_x,WristLeft_y,WristLeft_z,WristRight_x,WristRight_y,WristRight_z,HandLeft_x,HandLeft_y,HandLeft_z,HandRight_x,HandRight_y,HandRight_z,Spine_x,Spine_y,Spine_z,HipCenter_x,HipCenter_y,HipCenter_z,HipLeft_x,HipLeft_y,HipLeft_z,HipRight_x,HipRight_y,HipRight_z,KneeLeft_x,KneeLeft_y,KneeLeft_z,KneeRight_x,KneeRight_y,KneeRight_z,AnkleLeft_x,AnkleLeft_y,AnkleLeft_z,AnkleRight_x,AnkleRight_y,AnkleRight_z,FootLeft_x,FootLeft_y,FootLeft_z,FootRight_x,FootRight_y,FootRight_z
0,2214530736,0.0984883,0.175299,2.39221,0.0791972,-0.0287281,2.41002,-0.083172,-0.159786,2.39025,0.237513,-0.17887,2.43292,-0.134847,-0.39748,2.34535,0.296322,-0.389417,2.39864,-0.1535,-0.52603,2.15771,0.136593,-0.532512,2.34859,-0.160026,-0.569927,2.09769,0.12057,-0.596622,2.32966,0.0808582,-0.351478,2.4228,0.0883857,-0.409194,2.37419,0.010798,-0.478837,2.35148,0.168355,-0.484986,2.37712,-0.0183071,-0.549663,1.99948,0.261473,-0.53456,2.04894,-0.0352045,-0.84704,1.93933,0.279245,-0.83328,1.98425,-0.023355,-0.882178,1.85628,0.291036,-0.868401,1.90117
1,2214530740,0.0982382,0.175171,2.39223,0.0784211,-0.0289491,2.41051,-0.0835167,-0.159888,2.39033,0.237343,-0.178965,2.43291,-0.134848,-0.397514,2.34538,0.296276,-0.389384,2.39864,-0.153809,-0.526145,2.15796,0.136581,-0.532478,2.34866,-0.160722,-0.570035,2.09829,0.120567,-0.596556,2.32975,0.0804828,-0.351482,2.42276,0.0880182,-0.409089,2.37407,0.0103611,-0.478738,2.35143,0.168074,-0.484863,2.37689,-0.0182616,-0.54969,1.99941,0.261386,-0.534567,2.04907,-0.0353305,-0.846567,1.93913,0.27921,-0.832776,1.98411,-0.0235074,-0.881649,1.85611,0.290986,-0.86784,1.90106
2,2214530744,0.0978421,0.175005,2.39221,0.0775005,-0.029133,2.41096,-0.0838699,-0.159989,2.3904,0.237177,-0.179052,2.43291,-0.134858,-0.397546,2.34543,0.296233,-0.389344,2.39864,-0.154054,-0.526236,2.15817,0.13658,-0.532448,2.34873,-0.161241,-0.570109,2.09878,0.120576,-0.596493,2.32985,0.0799803,-0.351463,2.42271,0.0875498,-0.408957,2.37395,0.00989266,-0.478629,2.35138,0.167702,-0.484717,2.37663,-0.0182307,-0.5497,1.99933,0.261292,-0.53458,2.04922,-0.0354482,-0.846036,1.93892,0.279173,-0.832297,1.98398,-0.023652,-0.881062,1.85592,0.290934,-0.867311,1.90094
3,2214530747,0.0974523,0.174843,2.39219,0.0766776,-0.0292752,2.41132,-0.0842513,-0.160101,2.39049,0.236966,-0.179136,2.43291,-0.134924,-0.397586,2.34549,0.2962,-0.389289,2.39865,-0.150389,-0.526705,2.15893,0.136615,-0.532426,2.34888,-0.157781,-0.570359,2.09974,0.120627,-0.596431,2.33002,0.0794121,-0.351433,2.42266,0.0870076,-0.408814,2.37382,0.00938527,-0.478511,2.35135,0.167204,-0.484545,2.37633,-0.0182063,-0.549714,1.99924,0.261199,-0.534591,2.04938,-0.0355594,-0.845512,1.9387,0.279133,-0.831825,1.98384,-0.0237887,-0.880488,1.85572,0.290878,-0.866792,1.90083
4,2214530750,0.0970182,0.174679,2.39217,0.0759501,-0.0293874,2.41163,-0.0847027,-0.160217,2.39058,0.236756,-0.179215,2.43292,-0.135022,-0.397626,2.34555,0.29617,-0.389228,2.39866,-0.155714,-0.529645,2.1627,0.136669,-0.532408,2.34911,-0.166566,-0.574998,2.10637,0.120698,-0.596369,2.33027,0.0788302,-0.351392,2.4226,0.0864458,-0.408661,2.37369,0.00880697,-0.478377,2.35129,0.166729,-0.484386,2.37605,-0.0181855,-0.549731,1.99915,0.261107,-0.534596,2.04954,-0.0356794,-0.845001,1.93851,0.279087,-0.831336,1.98369,-0.0239335,-0.879932,1.85555,0.290816,-0.86626,1.90071
5,2214530753,0.0965946,0.174528,2.39215,0.0749356,-0.029474,2.41191,-0.0851754,-0.160342,2.39066,0.236459,-0.179278,2.43292,-0.135216,-0.39765,2.34565,0.296144,-0.389178,2.39868,-0.156365,-0.530293,2.16356,0.13672,-0.532391,2.34932,-0.16767,-0.575873,2.10776,0.120765,-0.596309,2.33051,0.0781823,-0.351337,2.42251,0.0858499,-0.408499,2.37353,0.00821651,-0.478228,2.35118,0.166263,-0.48423,2.37578,-0.0181694,-0.549751,1.99906,0.261019,-0.534585,2.0497,-0.0358039,-0.844511,1.93833,0.279029,-0.830811,1.98355,-0.0240822,-0.879396,1.8554,0.290739,-0.86569,1.90059
6,2214530757,0.0961295,0.174385,2.39212,0.0738375,-0.0295479,2.4121,-0.0856066,-0.160457,2.39073,0.236167,-0.179327,2.43292,-0.135418,-0.397673,2.34574,0.296097,-0.389156,2.39862,-0.158569,-0.531226,2.16492,0.136709,-0.532395,2.34959,-0.170432,-0.577034,2.10972,0.120769,-0.596267,2.3308,0.0775606,-0.351292,2.42242,0.0852972,-0.408359,2.37338,0.00768537,-0.478099,2.35108,0.165843,-0.484091,2.37552,-0.0181562,-0.549769,1.99897,0.260937,-0.534574,2.04984,-0.035934,-0.844054,1.93817,0.278967,-0.830331,1.98341,-0.024235,-0.8789,1.85525,0.29066,-0.865173,1.90048
7,2214530760,0.0956326,0.174275,2.39207,0.0727953,-0.029609,2.41223,-0.0860523,-0.160582,2.3908,0.235913,-0.179345,2.43294,-0.135651,-0.397694,2.34583,0.296055,-0.389164,2.39854,-0.160962,-0.532106,2.16625,0.136687,-0.532397,2.3498,-0.173264,-0.578091,2.11154,0.120758,-0.596228,2.33104,0.0769554,-0.351238,2.42232,0.0847674,-0.408221,2.37323,0.00717863,-0.477989,2.35102,0.165441,-0.483948,2.37527,-0.0181443,-0.549792,1.99886,0.260847,-0.534587,2.04998,-0.0360604,-0.843631,1.93799,0.278917,-0.829962,1.98329,-0.0243817,-0.878444,1.8551,0.290595,-0.864774,1.90039
8,2214530763,0.0950882,0.174211,2.392,0.0718947,-0.0296537,2.41233,-0.0864833,-0.160702,2.39087,0.235639,-0.17934,2.43295,-0.135881,-0.397713,2.34592,0.296005,-0.389155,2.39847,-0.163247,-0.532834,2.1674,0.136682,-0.532408,2.35,-0.175863,-0.578928,2.11305,0.120766,-0.596201,2.33126,0.0764295,-0.351205,2.42226,0.0843197,-0.408126,2.37313,0.00680312,-0.47796,2.35106,0.165089,-0.483824,2.37504,-0.0181323,-0.549821,1.99877,0.260755,-0.534599,2.05012,-0.0361748,-0.84322,1.93778,0.278866,-0.829633,1.98318,-0.0245155,-0.878008,1.85492,0.290529,-0.864421,1.9003
9,2214530765,0.0943667,0.174095,2.39188,0.0709707,-0.0296794,2.4124,-0.0869002,-0.160831,2.39092,0.235289,-0.179331,2.43295,-0.136104,-0.397738,2.346,0.295976,-0.389159,2.39843,-0.16466,-0.533238,2.16809,0.13671,-0.532495,2.35045,-0.177323,-0.579359,2.11391,0.120811,-0.596232,2.33172,0.075931,-0.351187,2.4222,0.0839063,-0.408056,2.37304,0.00647927,-0.477947,2.35111,0.164766,-0.483716,2.37483,-0.0181186,-0.549854,1.99866,0.260662,-0.534615,2.05026,-0.0362926,-0.842842,1.93757,0.278819,-0.829351,1.98308,-0.024652,-0.877609,1.85473,0.290468,-0.864118,1.90022
10,2214530771,0.0936755,0.173965,2.39176,0.0700618,-0.0297062,2.41244,-0.0872871,-0.160952,2.39096,0.234952,-0.179304,2.43294,-0.136344,-0.397774,2.34608,0.295997,-0.389186,2.3984,-0.165316,-0.533481,2.16847,0.13672,-0.532476,2.35091,-0.177859,-0.579556,2.11434,0.120838,-0.596154,2.33221,0.0753963,-0.351186,2.42214,0.0834643,-0.408005,2.37295,0.00608913,-0.477957,2.35117,0.16446,-0.483628,2.37464,-0.018104,-0.549888,1.99856,0.260574,-0.534631,2.0504,-0.0364061,-0.842504,1.93737,0.278775,-0.829103,1.98298,-0.0247827,-0.877252,1.85456,0.29041,-0.863852,1.90014
11,2214530772,0.0927171,0.173714,2.3915,0.0692183,-0.0297231,2.41248,-0.0876522,-0.161072,2.39098,0.234609,-0.179259,2.43293,-0.136575,-0.397808,2.34615,0.295995,-0.389278,2.39837,-0.165864,-0.533673,2.16877,0.136575,-0.532439,2.35154,-0.178417,-0.579764,2.11473,0.12071,-0.596048,2.33286,0.0748315,-0.351189,2.42209,0.0829908,-0.407966,2.37288,0.00566773,-0.477961,2.35125,0.16413,-0.483561,2.37447,-0.0180874,-0.549928,1.99844,0.260469,-0.534646,2.05058,-0.0365166,-0.842202,1.93717,0.278734,-0.828876,1.98288,-0.0249072,-0.876935,1.85438,0.290358,-0.863612,1.90006
12,2214530775,0.0918708,0.173491,2.39125,0.0684,-0.0297441,2.41248,-0.0879864,-0.161194,2.39099,0.234294,-0.179214,2.43291,-0.136781,-0.397854,2.34622,0.295983,-0.38939,2.39834,-0.167098,-0.534045,2.16935,0.136483,-0.532429,2.35191,-0.179669,-0.580143,2.1154,0.120631,-0.595987,2.33326,0.0742887,-0.351195,2.42204,0.0825402,-0.407935,2.37281,0.00527951,-0.477969,2.35132,0.163806,-0.483497,2.3743,-0.0180694,-0.549968,1.99833,0.260365,-0.534662,2.05074,-0.0366258,-0.841926,1.93698,0.278696,-0.828679,1.98278,-0.0250273,-0.876647,1.85422,0.290311,-0.863403,1.89999
13,2214530778,0.0911394,0.173302,2.39102,0.0676893,-0.0297473,2.41244,-0.0882908,-0.161317,2.39097,0.234006,-0.179171,2.43289,-0.136963,-0.397901,2.34629,0.29596,-0.389537,2.3983,-0.168061,-0.534451,2.1699,0.136335,-0.53237,2.35222,-0.180604,-0.580577,2.11604,0.120492,-0.595875,2.33359,0.0737982,-0.351204,2.42199,0.0821282,-0.407918,2.37275,0.00491845,-0.477989,2.3514,0.1635,-0.483444,2.37413,-0.0180503,-0.550016,1.99821,0.260253,-0.534683,2.05089,-0.0367236,-0.841681,1.93678,0.27864,-0.82851,1.9827,-0.025134,-0.876395,1.85405,0.290247,-0.863224,1.89992
14,2214530782,0.090412,0.173122,2.39077,0.0670851,-0.0297518,2.41239,-0.0885583,-0.161435,2.39095,0.23373,-0.179139,2.43285,-0.137141,-0.397967,2.34635,0.295863,-0.389828,2.39819,-0.168668,-0.534698,2.17023,0.136103,-0.53234,2.35256,-0.181134,-0.580806,2.11639,0.120274,-0.595793,2.33393,0.0733816,-0.351222,2.42195,0.0817761,-0.407918,2.37269,0.00463066,-0.478032,2.35149,0.163228,-0.483399,2.37398,-0.0180321,-0.550063,1.9981,0.260134,-0.534708,2.05104,-0.036817,-0.84145,1.93658,0.278585,-0.828364,1.98262,-0.0252382,-0.876156,1.85388,0.290182,-0.86307,1.89986
15,2214530785,0.0897711,0.172989,2.39053,0.066618,-0.0297408,2.41233,-0.0888187,-0.16155,2.39091,0.233483,-0.179112,2.4328,-0.137306,-0.398035,2.3464,0.295765,-0.390046,2.39812,-0.169203,-0.534941,2.17054,0.135974,-0.532329,2.35274,-0.181592,-0.581034,2.11671,0.120155,-0.595744,2.33412,0.0730291,-0.351237,2.42191,0.0814762,-0.407922,2.37265,0.00438561,-0.478074,2.35157,0.162996,-0.483362,2.37385,-0.018023,-0.550075,1.998,0.260006,-0.534737,2.05119,-0.0368682,-0.841164,1.93638,0.278529,-0.828218,1.98254,-0.0252993,-0.875865,1.85371,0.290119,-0.862918,1.8998
16,2214530789,0.08922,0.172871,2.39031,0.0661598,-0.0297265,2.41224,-0.0890722,-0.161674,2.39085,0.233231,-0.179084,2.43273,-0.137457,-0.398102,2.34645,0.29571,-0.390204,2.39807,-0.169555,-0.535098,2.17074,0.135882,-0.53231,2.35288,-0.181876,-0.581171,2.11691,0.12007,-0.595692,2.33428,0.072731,-0.351249,2.42187,0.0812182,-0.407928,2.37261,0.00418162,-0.478117,2.35165,0.162795,-0.48333,2.37374,-0.0180159,-0.550087,1.99792,0.259869,-0.534771,2.05135,-0.0368965,-0.840869,1.93618,0.278471,-0.828068,1.98246,-0.0253407,-0.875567,1.85354,0.290051,-0.862761,1.89974
17,2214530792,0.0887508,0.172773,2.3901,0.0657784,-0.0297064,2.41213,-0.0893092,-0.161803,2.39077,0.232951,-0.179051,2.43262,-0.137591,-0.398166,2.34649,0.295707,-0.390331,2.39799,-0.169777,-0.535191,2.17086,0.135795,-0.532257,2.35305,-0.182059,-0.581256,2.11704,0.119989,-0.595596,2.33447,0.0725033,-0.351267,2.42185,0.0810292,-0.407951,2.37259,0.00405817,-0.47819,2.35175,0.16264,-0.483311,2.37366,-0.0180108,-0.550097,1.99784,0.259715,-0.534801,2.05153,-0.0369059,-0.840527,1.93594,0.278408,-0.827895,1.98236,-0.025365,-0.875226,1.85334,0.289977,-0.862584,1.89967
18,2214530796,0.0882949,0.172706,2.38991,0.0654576,-0.0296885,2.41201,-0.0895254,-0.161918,2.39069,0.232633,-0.179014,2.43244,-0.137716,-0.398227,2.34653,0.29598,-0.390313,2.39796,-0.169929,-0.535247,2.17094,0.135851,-0.532017,2.35324,-0.182088,-0.581252,2.11707,0.120071,-0.595277,2.33468,0.0723128,-0.351284,2.42183,0.080861,-0.407978,2.37257,0.00395108,-0.478262,2.35186,0.162487,-0.483294,2.37359,-0.0180068,-0.550112,1.99776,0.259556,-0.534831,2.05172,-0.0368869,-0.840195,1.93574,0.278343,-0.827704,1.98226,-0.0253693,-0.874897,1.85317,0.289894,-0.862389,1.8996
19,2214530799,0.0879017,0.172663,2.38972,0.0651616,-0.0296682,2.41185,-0.0897587,-0.162044,2.39057,0.232322,-0.178991,2.43219,-0.137828,-0.398284,2.34656,0.296779,-0.389925,2.39816,-0.16996,-0.535231,2.17094,0.136202,-0.53148,2.35341,-0.181848,-0.581094,2.11693,0.120471,-0.59463,2.33487,0.0721602,-0.351296,2.42181,0.080724,-0.408003,2.37256,0.00386705,-0.478331,2.35195,0.162382,-0.483281,2.37354,-0.0179961,-0.550098,1.9977,0.259388,-0.534862,2.05191,-0.0368521,-0.839754,1.93553,0.278283,-0.827494,1.98214,-0.0253671,-0.874459,1.853,0.28981,-0.862177,1.89951
20,2214530816,0.0875339,0.172634,2.38949,0.0648302,-0.0295964,2.41148,-0.0900131,-0.162252,2.39029,0.232015,-0.179001,2.43178,-0.137957,-0.398365,2.34656,0.297614,-0.389498,2.3983,-0.163094,-0.532255,2.16756,0.136625,-0.53092,2.35356,-0.174848,-0.578074,2.11364,0.120943,-0.593963,2.33504,0.0720389,-0.351299,2.42179,0.0806161,-0.408024,2.37255,0.0038106,-0.478398,2.35205,0.162302,-0.483267,2.37351,-0.0179748,-0.55009,1.99764,0.259184,-0.534922,2.05212,-0.0368101,-0.839315,1.93532,0.278232,-0.827301,1.98203,-0.0253588,-0.874037,1.85283,0.289737,-0.86199,1.89943
21,2214530816,0.0871503,0.172623,2.38921,0.0644574,-0.0293771,2.41039,-0.0903384,-0.162721,2.38936,0.231743,-0.17877,2.431,-0.138112,-0.398463,2.34654,0.298759,-0.387621,2.39789,-0.159516,-0.53051,2.16542,0.137727,-0.530204,2.35386,-0.170437,-0.575967,2.11122,0.122108,-0.593137,2.33537,0.0719363,-0.351283,2.42176,0.0805343,-0.408041,2.37254,0.00377142,-0.478465,2.35213,0.162249,-0.483254,2.37349,-0.0179504,-0.550082,1.9976,0.258965,-0.534975,2.05234,-0.0366544,-0.838849,1.93511,0.278169,-0.827089,1.98194,-0.0252372,-0.873612,1.85268,0.289662,-0.861799,1.89937
22,2214530819,0.0866702,0.172621,2.38829,0.0648006,-0.029178,2.40619,-0.0907876,-0.163333,2.38783,0.231753,-0.178062,2.42924,-0.138276,-0.39856,2.34648,0.298952,-0.386419,2.39713,-0.15734,-0.529338,2.16395,0.138342,-0.52998,2.35412,-0.167398,-0.574395,2.1094,0.122755,-0.592844,2.33564,0.0719374,-0.351099,2.42151,0.0804921,-0.408039,2.37252,0.0037508,-0.478521,2.35221,0.162296,-0.483187,2.37348,-0.0179217,-0.550069,1.99756,0.258708,-0.535097,2.05256,-0.0363669,-0.838324,1.93488,0.278125,-0.826939,1.98186,-0.0250427,-0.873194,1.85253,0.289598,-0.861685,1.89933
23,2214530822,0.0862066,0.172603,2.38637,0.0651704,-0.0292009,2.40072,-0.0910814,-0.163858,2.3852,0.232168,-0.177053,2.42572,-0.138825,-0.398424,2.34607,0.298992,-0.38562,2.3964,-0.156443,-0.528909,2.16336,0.139035,-0.5299,2.35384,-0.166168,-0.573837,2.10873,0.123468,-0.592698,2.33538,0.0720333,-0.350722,2.42086,0.0804682,-0.408024,2.37248,0.00373817,-0.478568,2.35227,0.162363,-0.483113,2.37347,-0.0178886,-0.550046,1.99753,0.258449,-0.535191,2.05274,-0.0360234,-0.837756,1.93468,0.278085,-0.826758,1.98179,-0.0248268,-0.872773,1.85241,0.289526,-0.861559,1.89931
24,2214530826,0.0861154,0.172382,2.38137,0.0656084,-0.0296179,2.39329,-0.0911926,-0.164151,2.38087,0.233208,-0.175697,2.42043,-0.139647,-0.398081,2.34555,0.299317,-0.384015,2.39485,-0.155725,-0.528574,2.16292,0.140673,-0.529784,2.35293,-0.165132,-0.57345,2.10822,0.125128,-0.592498,2.33447,0.0724081,-0.349872,2.4192,0.0805238,-0.40791,2.37231,0.00374278,-0.478595,2.35233,0.162579,-0.482922,2.37339,-0.0178537,-0.550048,1.99751,0.258232,-0.535292,2.05285,-0.0349713,-0.837143,1.93458,0.278053,-0.826601,1.98174,-0.0240028,-0.872343,1.85241,0.289464,-0.861465,1.8993
25,2214530829,0.0872001,0.172404,2.37168,0.0656147,-0.0307766,2.37911,-0.0896729,-0.163102,2.37309,0.235042,-0.174507,2.41357,-0.141161,-0.397121,2.34461,0.299827,-0.382486,2.393,-0.15511,-0.528334,2.16262,0.308626,-0.519258,2.23851,-0.163655,-0.573286,2.10792,0.26017,-0.583638,2.2427,0.0728844,-0.347837,2.41392,0.0806415,-0.407422,2.37132,0.00373138,-0.478513,2.35232,0.162981,-0.482565,2.37277,-0.0178153,-0.55009,1.99747,0.258066,-0.535439,2.05272,-0.0339465,-0.836694,1.93453,0.278005,-0.826455,1.98174,-0.0230959,-0.872096,1.85249,0.289393,-0.861393,1.89935
26,2214530832,0.0902247,0.172426,2.35609,0.06908,-0.0338805,2.36278,-0.087909,-0.160289,2.36353,0.237952,-0.17205,2.40555,-0.143566,-0.395056,2.34311,0.301108,-0.379796,2.38975,-0.153846,-0.527976,2.16244,0.347181,-0.519392,2.21287,-0.160939,-0.573055,2.10779,0.331714,-0.581554,2.19451,0.0744541,-0.343343,2.40383,0.0813472,-0.404561,2.36763,0.00370709,-0.476926,2.35147,0.163915,-0.481118,2.37083,-0.0177676,-0.550184,1.99743,0.257929,-0.535737,2.05204,-0.0329689,-0.836468,1.93459,0.277928,-0.826345,1.98181,-0.0221421,-0.872089,1.8527,0.289265,-0.861388,1.89954
27,2214530839,0.0947981,0.17208,2.33483,0.0773258,-0.0408831,2.34196,-0.0858381,-0.156139,2.35009,0.242997,-0.168154,2.39345,-0.146863,-0.391949,2.34091,0.301812,-0.377966,2.38588,-0.152398,-0.527478,2.16231,0.375225,-0.520557,2.19347,-0.157807,-0.572796,2.1078,0.360581,-0.581118,2.17485,0.0771751,-0.338088,2.39161,0.0826845,-0.400506,2.36252,0.00375112,-0.474155,2.34972,0.165264,-0.47915,2.36824,-0.0177283,-0.550267,1.99737,0.257755,-0.536201,2.05088,-0.0316279,-0.836296,1.93482,0.277847,-0.826262,1.98194,-0.0207861,-0.872275,1.85316,0.289102,-0.861503,1.89988
28,2214530840,0.0988959,0.170123,2.30595,0.0827742,-0.0465134,2.32327,-0.0843765,-0.152586,2.33416,0.249581,-0.162948,2.37597,-0.151502,-0.388506,2.33697,0.302543,-0.376837,2.38078,-0.150777,-0.527267,2.16191,0.375859,-0.523864,2.19064,-0.154121,-0.57301,2.1077,0.37828,-0.581029,2.16248,0.0801487,-0.333449,2.37908,0.0842684,-0.396444,2.35687,0.00385618,-0.471402,2.34777,0.16712,-0.476816,2.36499,-0.0177008,-0.550423,1.99726,0.257621,-0.536841,2.04907,-0.0303822,-0.836226,1.93504,0.277788,-0.826203,1.9821,-0.0195774,-0.872641,1.85365,0.288915,-0.861754,1.90036
29,2214530842,0.101579,0.166311,2.282,0.0883948,-0.0536867,2.29735,-0.0823711,-0.150604,2.31362,0.254944,-0.159776,2.35919,-0.157802,-0.384846,2.32917,0.305796,-0.376891,2.37061,-0.131351,-0.517235,2.15012,0.373647,-0.534744,2.18677,-0.131868,-0.564811,2.09921,0.382282,-0.586306,2.15696,0.0834883,-0.330379,2.36375,0.0862617,-0.393171,2.34946,0.00413767,-0.46926,2.34523,0.169431,-0.474314,2.36039,-0.0176907,-0.550608,1.99713,0.257624,-0.537938,2.04576,-0.0291654,-0.836256,1.93542,0.277688,-0.826188,1.98245,-0.0181481,-0.873381,1.85453,0.288694,-0.86237,1.90135
30,2214530846,0.107516,0.158098,2.25198,0.0942944,-0.0640685,2.26751,-0.0783687,-0.151211,2.28902,0.260931,-0.160149,2.33992,-0.164576,-0.38099,2.31796,0.309926,-0.378009,2.35965,-0.124927,-0.51615,2.14593,0.384824,-0.538392,2.17702,-0.121239,-0.564102,2.09593,0.375909,-0.594586,2.15705,0.0865437,-0.329728,2.34614,0.0882966,-0.391229,2.33946,0.00448189,-0.467575,2.34044,0.171452,-0.472494,2.35527,-0.0176881,-0.550895,1.99689,0.257739,-0.539413,2.0413,-0.0276745,-0.836512,1.9364,0.277579,-0.826216,1.98295,-0.0162104,-0.874857,1.85649,0.288497,-0.863368,1.90278
31,2214530849,0.113124,0.146283,2.2179,0.101064,-0.07354,2.23962,-0.073894,-0.154799,2.26229,0.268127,-0.163133,2.31419,-0.171076,-0.377575,2.30429,0.315223,-0.380044,2.3472,-0.120073,-0.51821,2.14337,0.379885,-0.543751,2.17646,-0.112502,-0.566831,2.0949,0.368441,-0.601819,2.15711,0.089726,-0.331057,2.3288,0.0904932,-0.390919,2.32822,0.00488506,-0.466768,2.33478,0.173519,-0.471507,2.3489,-0.0177166,-0.551534,1.99624,0.258181,-0.541349,2.03511,-0.0263144,-0.836964,1.93756,0.277341,-0.826266,1.98385,-0.0144556,-0.876912,1.85892,0.288057,-0.864795,1.90499
32,2214530852,0.120947,0.133704,2.18225,0.10782,-0.0893939,2.20091,-0.069374,-0.159114,2.23808,0.274845,-0.171342,2.28335,-0.176329,-0.3746,2.28896,0.319411,-0.381438,2.33404,-0.0971845,-0.504325,2.1227,0.375234,-0.54835,2.17619,-0.0742456,-0.548444,2.07362,0.361918,-0.607875,2.15728,0.0930223,-0.335245,2.30679,0.0927124,-0.392913,2.31236,0.00518711,-0.467094,2.326,0.175579,-0.471922,2.33934,-0.0177768,-0.552172,1.99548,0.259244,-0.544164,2.02565,-0.0240589,-0.837608,1.93957,0.276891,-0.826275,1.98547,-0.0120389,-0.879779,1.86264,0.287028,-0.866846,1.90857
33,2214530856,0.129437,0.116666,2.13679,0.11156,-0.0983583,2.17877,-0.0632336,-0.168863,2.20762,0.281495,-0.180573,2.25319,-0.179963,-0.374346,2.26961,0.323975,-0.382885,2.32062,-0.0662442,-0.484829,2.0928,0.370679,-0.551056,2.17343,-0.0335609,-0.524998,2.04517,0.356191,-0.611445,2.15453,0.0960413,-0.340302,2.28662,0.0951638,-0.396216,2.2954,0.00593906,-0.469163,2.31271,0.177906,-0.473497,2.3279,-0.0182349,-0.553823,1.99137,0.260654,-0.54757,2.01442,-0.021348,-0.838069,1.94269,0.282821,-0.795844,1.95533,-0.00928884,-0.882333,1.86741,0.290081,-0.852908,1.8928
34,2214530859,0.135151,0.104624,2.10459,0.11661,-0.111298,2.14904,-0.057573,-0.176478,2.18067,0.287461,-0.189762,2.22456,-0.182268,-0.372528,2.25595,0.331719,-0.386751,2.29617,-0.0818721,-0.509971,2.09961,0.364052,-0.556584,2.16865,-0.0566661,-0.563348,2.06198,0.348649,-0.61786,2.14976,0.101515,-0.348294,2.26149,0.100233,-0.402473,2.27282,0.00957595,-0.474432,2.29343,0.183098,-0.477659,2.30882,-0.0197648,-0.557789,1.97897,0.263313,-0.553406,1.99543,-0.0188802,-0.838013,1.94729,0.287566,-0.781143,1.92827,-0.00717147,-0.884488,1.87382,0.292813,-0.844905,1.87606
35,2214530862,0.140271,0.0865164,2.06007,0.120542,-0.123582,2.11835,-0.0516307,-0.185304,2.14834,0.292742,-0.199022,2.19393,-0.182881,-0.370802,2.2388,0.336171,-0.389577,2.28379,-0.0903754,-0.533438,2.10883,0.356789,-0.558735,2.15815,-0.0590757,-0.588602,2.07523,0.34099,-0.620531,2.13951,0.103629,-0.355368,2.23547,0.101863,-0.408021,2.24892,0.0103551,-0.479195,2.27246,0.18428,-0.481646,2.28659,-0.0219814,-0.563721,1.95936,0.267702,-0.560259,1.9763,-0.0163163,-0.837001,1.95381,0.290149,-0.777432,1.9136,-0.00512896,-0.885774,1.88211,0.295128,-0.841943,1.86262
36,2214530866,0.143216,0.0766633,2.03402,0.123043,-0.134595,2.08957,-0.0484094,-0.192661,2.12015,0.296697,-0.205992,2.15194,-0.181207,-0.366524,2.22235,0.340297,-0.392298,2.27252,-0.109283,-0.553313,2.12137,0.350264,-0.557744,2.14063,-0.0860938,-0.617731,2.09745,0.334287,-0.619887,2.12234,0.107091,-0.359775,2.21524,0.104992,-0.411181,2.2309,0.0137475,-0.483021,2.25378,0.186921,-0.482996,2.27256,-0.0249396,-0.568536,1.94133,0.27025,-0.566517,1.96382,-0.0143912,-0.835377,1.95928,0.291034,-0.778385,1.90562,-0.00419667,-0.886255,1.88897,0.295721,-0.842038,1.85484
37,2214530869,0.146143,0.0660751,2.00332,0.121389,-0.142979,2.05794,-0.044777,-0.197147,2.07949,0.299637,-0.209858,2.12589,-0.174476,-0.361522,2.1988,0.343614,-0.393112,2.25971,-0.0973652,-0.561023,2.13943,0.34852,-0.554888,2.12165,-0.112069,-0.622596,2.139,0.332485,-0.617158,2.10355,0.111592,-0.3619,2.19309,0.110212,-0.412067,2.21124,0.0195403,-0.484984,2.23509,0.193577,-0.481406,2.25668,-0.028225,-0.572657,1.92487,0.272476,-0.57425,1.95117,-0.0125139,-0.832996,1.96422,0.291182,-0.781683,1.89985,-0.00277874,-0.885889,1.89521,0.296259,-0.845592,1.84748
38,2214530872,0.147736,0.0610034,1.98056,0.117849,-0.146308,2.023,-0.0431911,-0.19705,2.04991,0.304001,-0.209824,2.10518,-0.169122,-0.357507,2.18111,0.346708,-0.389973,2.2429,-0.0672738,-0.551519,2.14596,0.348609,-0.55006,2.10194,-0.0453981,-0.606468,2.14298,0.332637,-0.61228,2.08387,0.114776,-0.361045,2.17305,0.114149,-0.410563,2.19474,0.0239819,-0.484772,2.22067,0.198447,-0.478869,2.24571,-0.0294862,-0.576406,1.91271,0.274093,-0.578633,1.94316,-0.0116309,-0.831791,1.96709,0.289653,-0.786402,1.89772,-0.00215962,-0.886233,1.89945,0.295564,-0.849609,1.84375
39,2214530876,0.14917,0.0607595,1.95741,0.114042,-0.138435,1.98977,-0.0395237,-0.191541,2.01491,0.308672,-0.204535,2.0816,-0.158886,-0.338189,2.14028,0.350209,-0.381647,2.2218,-0.0554886,-0.529888,2.1705,0.356392,-0.535525,2.07139,-0.0395207,-0.59798,2.18022,0.340676,-0.597444,2.05319,0.116779,-0.358187,2.15699,0.116871,-0.408012,2.18235,0.0283185,-0.482644,2.20803,0.202029,-0.475047,2.23739,-0.0301804,-0.579109,1.90313,0.275262,-0.581307,1.93792,-0.0109767,-0.830743,1.96904,0.269437,-0.813564,1.96194,-0.00159649,-0.886432,1.90243,0.278243,-0.876394,1.90266
40,2214530879,0.150931,0.0657144,1.93393,0.111282,-0.127038,1.96546,-0.0362496,-0.184548,1.99031,0.312208,-0.193036,2.05637,-0.154488,-0.323127,2.10973,0.356506,-0.360974,2.18649,-0.113457,-0.526906,2.12245,0.356869,-0.532307,2.0608,-0.10685,-0.598688,2.12548,0.341207,-0.594167,2.04262,0.117618,-0.349263,2.13795,0.118764,-0.399719,2.16673,0.0332474,-0.474266,2.192,0.204281,-0.463351,2.22535,-0.0300713,-0.581715,1.89414,0.276223,-0.583394,1.93363,-0.0105416,-0.829955,1.9704,0.259076,-0.826818,1.99274,-0.00123642,-0.886597,1.90452,0.269588,-0.888927,1.92966
41,2214530882,0.154116,0.0794279,1.91111,0.10938,-0.100305,1.93942,-0.0339216,-0.168874,1.96664,0.314492,-0.179701,2.03706,-0.154795,-0.304464,2.06531,0.363506,-0.346361,2.15855,-0.129952,-0.516072,2.10903,0.352956,-0.521355,2.03617,-0.11662,-0.593956,2.12201,0.337441,-0.583015,2.01801,0.118804,-0.333162,2.1193,0.120956,-0.384437,2.15068,0.0391305,-0.45888,2.17962,0.206117,-0.439166,2.20369,-0.0290133,-0.582539,1.88886,0.277226,-0.585614,1.92904,-0.0102728,-0.829523,1.97098,0.25133,-0.833588,2.00965,-0.000988277,-0.886953,1.90574,0.262557,-0.895766,1.94553
42,2214530886,0.158434,0.107877,1.88922,0.108845,-0.0752001,1.92207,-0.0288422,-0.14316,1.94088,0.315381,-0.155582,2.01644,-0.160021,-0.288585,2.03462,0.369167,-0.336268,2.13892,-0.130026,-0.496764,2.08809,0.335113,-0.495853,1.99763,-0.116708,-0.580553,2.11201,0.319767,-0.557267,1.9795,0.119557,-0.318168,2.10652,0.122334,-0.370524,2.13979,0.0448784,-0.440526,2.17011,0.206017,-0.424437,2.19228,-0.025151,-0.579811,1.88397,0.277521,-0.587285,1.92639,-0.01059,-0.828547,1.96956,0.247078,-0.838451,2.01976,-0.000981003,-0.887098,1.90565,0.258812,-0.90077,1.95525
43,2214530889,0.161469,0.149548,1.87379,0.110787,-0.0364612,1.91043,-0.025109,-0.114561,1.92299,0.311835,-0.116611,1.9938,-0.16573,-0.273553,2.00663,0.375951,-0.324071,2.12193,-0.124485,-0.473304,2.06557,0.328897,-0.480117,1.97619,-0.110861,-0.558745,2.09775,0.313636,-0.541385,1.95807,0.119046,-0.292943,2.09621,0.121904,-0.347216,2.13085,0.0494587,-0.412478,2.16198,0.200608,-0.400826,2.18273,-0.0198193,-0.578332,1.88371,0.277066,-0.587963,1.92591,-0.0119814,-0.830166,1.96749,0.244595,-0.843995,2.02468,-0.00203797,-0.889849,1.90438,0.256741,-0.906265,1.96003
44,2214530892,0.163704,0.183285,1.86529,0.115758,-0.00167991,1.90464,-0.0240445,-0.0796225,1.91074,0.307436,-0.0740658,1.97591,-0.167833,-0.263387,1.98836,0.384019,-0.292862,2.09688,-0.112715,-0.456351,2.02726,0.30207,-0.443203,1.95733,-0.0968056,-0.536214,2.05986,0.295338,-0.515282,1.94254,0.118807,-0.253502,2.08515,0.120522,-0.307038,2.11955,0.0517008,-0.37336,2.14983,0.192362,-0.363093,2.17306,-0.0139854,-0.575522,1.88736,0.27357,-0.583812,1.93205,-0.0148472,-0.836421,1.96036,0.245368,-0.853482,2.01738,-0.00441878,-0.897491,1.8981,0.257617,-0.915552,1.95377
45,2214530895,0.16562,0.235918,1.86109,0.122681,0.0474789,1.90055,-0.0237631,-0.0385601,1.90244,0.303128,-0.0285283,1.96232,-0.167675,-0.242061,1.96699,0.388284,-0.255925,2.07532,-0.0990135,-0.431227,1.98674,0.29127,-0.417967,1.95113,-0.0583906,-0.504062,1.9926,0.285709,-0.494904,1.93525,0.118613,-0.216548,2.07594,0.119155,-0.272144,2.11017,0.0516078,-0.33961,2.13843,0.186609,-0.330035,2.16367,-0.0089724,-0.571289,1.89173,0.269994,-0.577285,1.93744,-0.0171599,-0.844333,1.94698,0.249898,-0.860783,1.99957,-0.00611676,-0.906109,1.88501,0.26222,-0.922418,1.93653
46,2214530899,0.167562,0.280045,1.86144,0.129275,0.097831,1.89967,-0.0241298,0.0107368,1.89619,0.301669,0.00326122,1.95616,-0.16175,-0.19737,1.94351,0.388085,-0.233694,2.0628,-0.0928214,-0.391175,1.95459,0.311917,-0.420513,1.99313,-0.049994,-0.436098,1.94344,0.283598,-0.475952,1.9613,0.118703,-0.169717,2.06351,0.117669,-0.225637,2.09563,0.0484883,-0.291825,2.12179,0.182807,-0.290235,2.14639,-0.00468183,-0.564294,1.89388,0.267782,-0.567912,1.93942,-0.0201698,-0.846761,1.92481,0.256331,-0.86054,1.97634,-0.00902648,-0.908454,1.86185,0.268361,-0.921348,1.91269
47,2214530902,0.168015,0.331348,1.86405,0.13431,0.147701,1.90018,-0.0251721,0.0504471,1.89432,0.304047,0.0478176,1.95474,-0.15477,-0.172072,1.93307,0.377535,-0.194755,2.04471,-0.0854997,-0.368931,1.93198,0.328991,-0.399683,2.01491,-0.0823167,-0.403888,1.92672,0.287962,-0.457917,1.97516,0.119405,-0.134302,2.05314,0.117466,-0.191448,2.08354,0.0458616,-0.257556,2.10802,0.182746,-0.260558,2.13108,-0.000133419,-0.550911,1.89293,0.266234,-0.555466,1.9403,-0.0220302,-0.84253,1.90549,0.262299,-0.855703,1.95621,-0.0104323,-0.902848,1.84058,0.274732,-0.914856,1.89089
48,2214530906,0.167514,0.383881,1.87144,0.1338,0.19728,1.90088,-0.0251913,0.100387,1.89462,0.306179,0.0945726,1.95448,-0.131103,-0.130982,1.92337,0.369024,-0.169544,2.03289,-0.0842485,-0.34048,1.91406,0.340872,-0.386126,2.0173,-0.0992715,-0.380937,1.91778,0.292589,-0.442487,1.97736,0.121754,-0.0861188,2.03864,0.120148,-0.143757,2.06604,0.0465319,-0.211047,2.08764,0.18836,-0.21553,2.10852,0.00292326,-0.534698,1.8903,0.266304,-0.538585,1.93972,-0.0223876,-0.826116,1.87818,0.268849,-0.839713,1.93392,-0.0105506,-0.88329,1.81028,0.281362,-0.8961,1.86639
49,2214530909,0.16853,0.408124,1.87381,0.135821,0.241045,1.90292,-0.0226631,0.144186,1.89691,0.307543,0.143102,1.95413,-0.114974,-0.108351,1.91841,0.357001,-0.126932,2.01303,-0.080048,-0.322737,1.89972,0.353201,-0.347827,1.99895,-0.0999783,-0.36905,1.90661,0.312736,-0.376819,1.95991,0.124717,-0.0569373,2.02958,0.12322,-0.115787,2.05524,0.0496452,-0.183019,2.07354,0.192678,-0.187072,2.09394,0.00428645,-0.519653,1.88767,0.267424,-0.508887,1.93934,-0.0216983,-0.810661,1.86166,0.273079,-0.821545,1.91851,-0.00957913,-0.864912,1.79181,0.285604,-0.87506,1.8492
50,2214530912,0.170308,0.458731,1.88233,0.138258,0.275247,1.90476,-0.0201491,0.186634,1.90004,0.307859,0.174374,1.9536,-0.0967743,-0.0829377,1.91023,0.350043,-0.0979675,2.00067,-0.0705961,-0.295264,1.87698,0.357667,-0.311496,1.97233,-0.096812,-0.352643,1.88699,0.326666,-0.335669,1.94306,0.129406,-0.0236323,2.01895,0.12814,-0.0834463,2.04205,0.0552002,-0.151708,2.05738,0.197996,-0.153225,2.07504,0.00492336,-0.504161,1.88628,0.266925,-0.490075,1.93999,-0.0156943,-0.75077,1.84895,0.27783,-0.750819,1.90199,0.0232411,-0.786253,1.86899,0.289148,-0.802102,1.83105
51,2214530916,0.17162,0.503757,1.89171,0.141944,0.32448,1.90854,-0.0178166,0.225227,1.9034,0.311569,0.218273,1.95523,-0.0827777,-0.0577115,1.90162,0.348267,-0.0629066,1.9875,-0.0658749,-0.26576,1.85378,0.358779,-0.271928,1.95197,-0.0752582,-0.327996,1.86054,0.337682,-0.305148,1.92697,0.135294,0.0145587,2.00697,0.134274,-0.0474933,2.02738,0.061166,-0.118967,2.03898,0.204431,-0.120761,2.05813,0.00873518,-0.468342,1.89528,0.263333,-0.464087,1.94283,-0.00966061,-0.693677,1.84707,0.279813,-0.707336,1.89523,0.0154254,-0.73893,1.81969,0.290788,-0.755717,1.82258
52,2214530919,0.171935,0.5537,1.90304,0.144198,0.364622,1.91406,-0.0149131,0.260487,1.907,0.313782,0.251385,1.9559,-0.0756069,-0.018982,1.88979,0.350091,-0.0304671,1.97932,-0.0624268,-0.225836,1.83751,0.367429,-0.233299,1.93225,-0.055229,-0.291558,1.84151,0.34483,-0.287792,1.91871,0.139423,0.0435327,1.99887,0.13871,-0.019981,2.01694,0.0658191,-0.090589,2.02356,0.209998,-0.0932428,2.04481,0.0142898,-0.440657,1.90617,0.261318,-0.450003,1.94419,-0.00705791,-0.671791,1.84741,0.280833,-0.691857,1.89162,0.0130626,-0.713265,1.80399,0.291543,-0.738961,1.81818
53,2214530923,0.172286,0.59116,1.91243,0.145164,0.410194,1.92029,-0.0121756,0.301485,1.9122,0.31406,0.299417,1.95903,-0.0747654,0.0207625,1.88011,0.360031,0.0237285,1.97167,-0.0580086,-0.184158,1.8242,0.379467,-0.180566,1.92403,-0.0434108,-0.233028,1.82857,0.359373,-0.262935,1.91146,0.142054,0.0741371,1.99066,0.141591,0.00818327,2.00646,0.0687461,-0.0623073,2.00837,0.213489,-0.0657291,2.03193,0.0172107,-0.422906,1.91357,0.258464,-0.434912,1.94605,-0.00518862,-0.661005,1.85025,0.280302,-0.683885,1.89232,0.0124789,-0.701484,1.79764,0.291088,-0.729512,1.81755
54,2214530926,0.173533,0.625257,1.92175,0.145939,0.438819,1.92467,-0.00951243,0.331761,1.91604,0.314389,0.321308,1.96063,-0.0770043,0.0538769,1.87442,0.371102,0.0696256,1.96992,-0.057311,-0.150152,1.81476,0.394373,-0.136444,1.92619,-0.0362066,-0.186033,1.81466,0.378261,-0.230513,1.90526,0.143126,0.0970425,1.98485,0.142725,0.0297399,1.99871,0.0699965,-0.0396525,1.99678,0.214551,-0.0450997,2.02246,0.0202284,-0.410163,1.91976,0.256121,-0.42514,1.94717,-0.00323295,-0.6617,1.86005,0.2755,-0.68818,1.90221,0.0108649,-0.701232,1.79462,0.286314,-0.731324,1.82553
55,2214530929,0.174071,0.648355,1.92768,0.148742,0.469025,1.93141,-0.00746603,0.35803,1.91991,0.315311,0.349748,1.96541,-0.0836406,0.101306,1.87471,0.379589,0.095875,1.97118,-0.0640102,-0.101567,1.80867,0.404087,-0.111332,1.92827,-0.0335478,-0.156664,1.80272,0.392793,-0.206957,1.90343,0.144019,0.121227,1.97909,0.143349,0.053047,1.99049,0.070467,-0.0169251,1.9853,0.214574,-0.0219065,2.0117,0.0222148,-0.401307,1.92401,0.254045,-0.4182,1.94777,-0.00134195,-0.670215,1.87281,0.27053,-0.696355,1.9128,0.0103416,-0.707122,1.79612,0.281818,-0.737386,1.83476
56,2214530932,0.173062,0.678441,1.93475,0.150934,0.493907,1.93743,-0.0065435,0.382416,1.9241,0.316744,0.369041,1.96919,-0.0862032,0.123372,1.87513,0.387572,0.114645,1.97459,-0.0691071,-0.0762174,1.80163,0.412521,-0.0932632,1.9297,-0.0346833,-0.128095,1.78822,0.409275,-0.185427,1.90047,0.144173,0.143446,1.9733,0.143092,0.0747524,1.98215,0.0693936,0.00547027,1.97349,0.214099,-0.00281761,2.0016,0.0241822,-0.393828,1.92804,0.252264,-0.412814,1.94819,1.75E-05,-0.680578,1.88568,0.266218,-0.705124,1.92326,0.0100267,-0.717905,1.80276,0.277596,-0.74469,1.84438
57,2214530936,0.173326,0.705752,1.94217,0.151893,0.505309,1.94029,-0.00620361,0.402649,1.92836,0.318432,0.385377,1.9731,-0.0890262,0.148485,1.87829,0.39542,0.130334,1.97988,-0.0776872,-0.0475931,1.79626,0.418452,-0.0786822,1.93093,-0.0352264,-0.111939,1.77666,0.420074,-0.167281,1.89836,0.144283,0.156901,1.96938,0.142785,0.0921914,1.97488,0.0683189,0.0231851,1.96391,0.213658,0.0136924,1.99146,0.0253699,-0.388758,1.93077,0.250439,-0.407995,1.94869,0.00196191,-0.69176,1.90119,0.263554,-0.709447,1.93034,0.0112077,-0.730406,1.81626,0.274871,-0.748218,1.85108
58,2214530939,0.17325,0.720529,1.94631,0.152728,0.510705,1.94335,-0.00653533,0.419247,1.93251,0.319701,0.397606,1.97618,-0.0907269,0.169252,1.88228,0.400761,0.143304,1.9856,-0.0830602,-0.0255079,1.7935,0.425883,-0.0644525,1.93236,-0.0363748,-0.0940947,1.76433,0.431282,-0.147905,1.89521,0.144493,0.168865,1.96528,0.142804,0.10695,1.96822,0.0677765,0.0368606,1.95597,0.213712,0.0286932,1.98153,0.0262668,-0.384773,1.93302,0.248719,-0.403516,1.94928,0.00323332,-0.696276,1.91153,0.261836,-0.711089,1.93613,0.0121255,-0.735441,1.82648,0.272989,-0.749275,1.85666
59,2214530942,0.173439,0.72995,1.94914,0.153227,0.512053,1.94724,-0.00700276,0.432609,1.93636,0.320687,0.406425,1.97846,-0.0920519,0.182599,1.88529,0.404465,0.15271,1.99026,-0.0865855,-0.0103463,1.79054,0.430598,-0.0542666,1.93311,-0.0367669,-0.0795369,1.75508,0.439174,-0.133996,1.89245,0.144819,0.178109,1.96173,0.143146,0.117845,1.96277,0.0678109,0.0476795,1.94898,0.214344,0.0396799,1.97319,0.0269052,-0.381626,1.93475,0.247031,-0.398391,1.95008,0.00439716,-0.698064,1.91973,0.260247,-0.710206,1.94288,0.0131938,-0.736977,1.83543,0.271106,-0.747764,1.86324
60,2214530946,0.173963,0.736603,1.95169,0.153523,0.511005,1.95114,-0.00705279,0.441557,1.93902,0.321529,0.41342,1.98049,-0.092983,0.191424,1.88741,0.406831,0.159112,1.99352,-0.089009,6.46E-05,1.78796,0.433845,-0.0472033,1.93342,-0.0384069,-0.0679806,1.74644,0.444321,-0.125225,1.8908,0.145224,0.184638,1.95905,0.143693,0.125389,1.95852,0.0683932,0.0554153,1.94321,0.215219,0.0474074,1.96655,0.0274475,-0.37861,1.93645,0.245628,-0.393341,1.95087,0.00615449,-0.697134,1.92852,0.25895,-0.707244,1.94985,0.0153556,-0.735023,1.84579,0.269612,-0.744179,1.87008
61,2214530949,0.17536,0.740765,1.95503,0.15384,0.508536,1.95475,-0.00694379,0.447704,1.94093,0.32223,0.418411,1.98209,-0.0937704,0.197474,1.88898,0.408413,0.163432,1.99564,-0.0909449,0.00746757,1.78565,0.436054,-0.0423734,1.93349,-0.0415009,-0.0586369,1.73774,0.448278,-0.119189,1.88936,0.145657,0.189186,1.95711,0.14443,0.130691,1.95496,0.0694369,0.0608635,1.93808,0.216318,0.0528016,1.96092,0.0280358,-0.375824,1.93816,0.244646,-0.389018,1.95151,0.00785788,-0.694808,1.93578,0.257855,-0.703461,1.95617,0.0175176,-0.731601,1.85422,0.268416,-0.739827,1.87626
62,2214530952,0.176991,0.742805,1.95837,0.154145,0.505334,1.9578,-0.00678672,0.451956,1.9423,0.322801,0.421877,1.98336,-0.0945079,0.201304,1.89041,0.409431,0.16614,1.99718,-0.092648,0.0124994,1.78374,0.43764,-0.0389852,1.93346,-0.0433924,-0.0529022,1.7327,0.450939,-0.115167,1.8884,0.146063,0.192365,1.95563,0.145365,0.134318,1.9515,0.0709972,0.0645368,1.93273,0.217547,0.0563767,1.95547,0.0285802,-0.373404,1.93964,0.243988,-0.385655,1.95195,0.00938031,-0.691916,1.94161,0.257161,-0.700136,1.96087,0.0194686,-0.727801,1.86077,0.26772,-0.736016,1.88082
63,2214530955,0.178938,0.742579,1.96236,0.154458,0.501835,1.96029,-0.00656266,0.454719,1.94354,0.323271,0.42419,1.9844,-0.0952443,0.203055,1.89174,0.409836,0.16711,1.99799,-0.0941696,0.0156246,1.78189,0.438772,-0.0371928,1.93297,-0.0445217,-0.0490435,1.72939,0.453157,-0.112989,1.88732,0.146504,0.194436,1.95434,0.146493,0.136348,1.94754,0.0728342,0.066355,1.9267,0.218801,0.0581999,1.94941,0.0290396,-0.371583,1.94082,0.243551,-0.38327,1.95223,0.0104802,-0.689481,1.94593,0.256469,-0.696801,1.96623,0.0208571,-0.724722,1.86547,0.267059,-0.732253,1.88598
64,2214530959,0.180601,0.740739,1.96575,0.154751,0.498247,1.96219,-0.00603138,0.455766,1.94486,0.323769,0.425408,1.9855,-0.0958921,0.202852,1.89288,0.409135,0.165041,1.99679,-0.0957915,0.0168482,1.78003,0.439273,-0.0382514,1.9308,-0.0451501,-0.0462587,1.72716,0.454847,-0.113663,1.88574,0.147055,0.195241,1.95312,0.147758,0.136682,1.94316,0.074804,0.0663808,1.92056,0.219906,0.0584092,1.94366,0.0294324,-0.370361,1.94171,0.243267,-0.381735,1.95241,0.0112821,-0.687848,1.94903,0.256064,-0.69491,1.96955,0.021874,-0.722659,1.86876,0.266702,-0.730051,1.88914
65,2214530962,0.181907,0.737191,1.96862,0.155125,0.494054,1.96362,-0.00503712,0.45526,1.94627,0.324209,0.425737,1.98664,-0.0962042,0.200677,1.89355,0.405674,0.158118,1.99142,-0.0980242,0.0150832,1.77884,0.438747,-0.0435878,1.92614,-0.0480788,-0.0480253,1.72689,0.455426,-0.118153,1.88325,0.147649,0.194557,1.95185,0.148946,0.135482,1.93827,0.0766407,0.0651854,1.91463,0.220539,0.0573388,1.93779,0.0297152,-0.369544,1.94231,0.243061,-0.380678,1.95253,0.0119748,-0.686474,1.95202,0.255812,-0.693779,1.97171,0.0227463,-0.720981,1.87181,0.26649,-0.728693,1.89118
66,2214530966,0.182742,0.732507,1.97094,0.155578,0.489421,1.96466,-0.00389832,0.453756,1.9476,0.324534,0.42543,1.98771,-0.0953042,0.196005,1.89335,0.401191,0.151149,1.98514,-0.100087,0.00926647,1.77885,0.43692,-0.049686,1.92149,-0.0555378,-0.0589867,1.72981,0.453697,-0.126852,1.88044,0.148171,0.192748,1.95069,0.149896,0.133522,1.93348,0.0782383,0.0633774,1.90895,0.220734,0.0556679,1.93241,0.029943,-0.368972,1.94273,0.242931,-0.379919,1.95261,0.0124236,-0.685614,1.95398,0.255654,-0.693004,1.97342,0.0233149,-0.719909,1.87377,0.26637,-0.727734,1.89277
67,2214530969,0.183108,0.727787,1.97259,0.155954,0.485031,1.96535,-0.00284999,0.451921,1.94874,0.324723,0.424808,1.98863,-0.0930197,0.189133,1.8918,0.395199,0.144305,1.97831,-0.1015,-0.00397125,1.78302,0.432085,-0.0569227,1.91633,-0.0764321,-0.0886799,1.74564,0.445898,-0.138337,1.87797,0.148481,0.190435,1.94987,0.150479,0.131533,1.92946,0.0793445,0.0616696,1.90448,0.220532,0.0539897,1.92793,0.0301583,-0.368603,1.94302,0.242864,-0.3794,1.95266,0.012733,-0.685066,1.95531,0.255505,-0.69246,1.97511,0.0237038,-0.71921,1.8751,0.266274,-0.727019,1.8943
68,2214530972,0.183015,0.722815,1.97381,0.156304,0.480459,1.96579,-0.00189419,0.450077,1.94962,0.3248,0.424031,1.9894,-0.0899546,0.181164,1.88869,0.387935,0.138134,1.97228,-0.101728,-0.024151,1.79075,0.424757,-0.0641871,1.91153,-0.0888521,-0.114608,1.76163,0.433616,-0.149553,1.87612,0.148629,0.187932,1.94942,0.150835,0.129755,1.9263,0.0801772,0.0601676,1.90093,0.220186,0.0525441,1.92459,0.0304195,-0.36843,1.94314,0.242858,-0.379103,1.95268,0.0129531,-0.684692,1.95626,0.255374,-0.692155,1.97642,0.0239824,-0.718721,1.87606,0.266195,-0.726563,1.89545
69,2214530976,0.182519,0.717994,1.97471,0.156642,0.475895,1.96594,-0.0010854,0.448375,1.95027,0.324774,0.423249,1.99003,-0.0871995,0.175443,1.88641,0.382543,0.13425,1.96829,-0.100186,-0.0432942,1.80207,0.412419,-0.0709035,1.90717,-0.0946355,-0.135798,1.78153,0.412255,-0.159844,1.87584,0.148892,0.185334,1.94924,0.151296,0.128141,1.92374,0.0813118,0.0586122,1.89788,0.220015,0.0514005,1.92213,0.0307238,-0.368484,1.94309,0.242904,-0.378992,1.95267,0.0131157,-0.684428,1.95695,0.255054,-0.692069,1.97821,0.0241947,-0.718378,1.87675,0.265982,-0.72631,1.89704
70,2214530979,0.18199,0.713984,1.97532,0.156759,0.471957,1.96581,-0.000367065,0.446752,1.9507,0.324648,0.422476,1.99051,-0.0843259,0.170856,1.88501,0.378023,0.13158,1.96551,-0.0979249,-0.0594606,1.81523,0.4005,-0.0755342,1.90397,-0.0961323,-0.150748,1.79848,0.39544,-0.165492,1.87506,0.149116,0.182797,1.94921,0.151721,0.126654,1.92162,0.0823937,0.0571502,1.89541,0.219892,0.0504475,1.92022,0.0310624,-0.368779,1.94286,0.242967,-0.379033,1.95265,0.0132241,-0.684309,1.95744,0.254632,-0.692172,1.97996,0.0243526,-0.718205,1.87718,0.265682,-0.726256,1.89858
71,2214530982,0.181506,0.711366,1.9756,0.156679,0.469305,1.96556,0.000251283,0.445023,1.95085,0.324275,0.421654,1.9908,-0.0821222,0.167263,1.88432,0.374312,0.129752,1.96368,-0.0961604,-0.0690695,1.82664,0.391441,-0.0783515,1.90189,-0.0954487,-0.159802,1.81306,0.383364,-0.168412,1.87419,0.148672,0.180106,1.94847,0.151326,0.124585,1.91811,0.0826422,0.0555075,1.89185,0.218639,0.0488514,1.91644,0.0313542,-0.369214,1.94244,0.243035,-0.379194,1.95257,0.0133026,-0.684288,1.95784,0.254245,-0.692378,1.98133,0.0244801,-0.718116,1.87751,0.26542,-0.726298,1.89978
72,2214530986,0.180824,0.709368,1.97557,0.156466,0.467254,1.96517,0.000742298,0.443265,1.9507,0.323817,0.420873,1.99097,-0.0802879,0.164223,1.8844,0.371029,0.128486,1.96252,-0.0943211,-0.0742919,1.83743,0.384521,-0.0801348,1.90074,-0.0933887,-0.16407,1.82538,0.374513,-0.169986,1.87369,0.147983,0.177674,1.94763,0.150691,0.122782,1.91479,0.082517,0.0540958,1.88844,0.2173,0.0474424,1.91297,0.031533,-0.3698,1.94173,0.243116,-0.379468,1.95248,0.0133311,-0.68439,1.95809,0.253791,-0.692715,1.98271,0.0245734,-0.718158,1.87769,0.265117,-0.726479,1.90099
73,2214530989,0.179816,0.707827,1.97511,0.156084,0.465654,1.96454,0.00113866,0.44153,1.95028,0.323136,0.420081,1.99095,-0.0788265,0.161618,1.88512,0.367884,0.12785,1.96189,-0.0926352,-0.0745567,1.85,0.378955,-0.0811322,1.90083,-0.0898325,-0.163633,1.83747,0.368764,-0.170838,1.87381,0.147146,0.175575,1.94672,0.149921,0.121275,1.91174,0.0821889,0.0529829,1.8854,0.215981,0.0463002,1.90988,0.0315869,-0.370477,1.94074,0.243193,-0.379821,1.9523,0.0133306,-0.684588,1.95825,0.253394,-0.693083,1.9838,0.0246474,-0.718305,1.87775,0.26486,-0.726717,1.90195
74,2214530993,0.178688,0.706684,1.97434,0.155375,0.464308,1.9634,0.00153089,0.439601,1.94931,0.322041,0.419138,1.99058,-0.0776516,0.159099,1.88672,0.364968,0.127759,1.96165,-0.0908942,-0.0722121,1.86115,0.374333,-0.0814177,1.9011,-0.0849166,-0.156919,1.8513,0.36467,-0.171094,1.8739,0.14613,0.173642,1.94567,0.14903,0.119906,1.90884,0.0817409,0.052072,1.88271,0.214674,0.0452939,1.90709,0.0314799,-0.371279,1.93943,0.243258,-0.380297,1.95205,0.0133074,-0.684917,1.95832,0.253042,-0.693529,1.98468,0.0247219,-0.718594,1.8777,0.264649,-0.727055,1.90274
75,2214530996,0.177595,0.705804,1.9732,0.154479,0.463163,1.96187,0.00184098,0.4378,1.94795,0.320795,0.418191,1.99,-0.076622,0.156815,1.88904,0.362487,0.12797,1.96162,-0.0894515,-0.0702885,1.86954,0.371028,-0.081406,1.90145,-0.0815507,-0.150763,1.86045,0.361855,-0.170957,1.87404,0.145104,0.171987,1.94465,0.148187,0.118774,1.90631,0.0812531,0.0513385,1.88033,0.213525,0.0444597,1.90473,0.0312991,-0.372124,1.93797,0.243256,-0.380937,1.9516,0.0132748,-0.685353,1.95833,0.252575,-0.694081,1.98565,0.0248197,-0.719001,1.87758,0.264365,-0.727517,1.90364
76,2214530999,0.176122,0.712345,1.96891,0.150932,0.47194,1.95805,0.00206344,0.436264,1.94636,0.319086,0.41709,1.98889,-0.0758391,0.154988,1.89153,0.360424,0.128296,1.96167,-0.0884379,-0.0689914,1.87484,0.3687,-0.0812984,1.90175,-0.0795081,-0.146762,1.8657,0.360017,-0.170571,1.8742,0.143635,0.170945,1.94282,0.1467,0.117921,1.90228,0.0790783,0.051401,1.87483,0.212152,0.0438214,1.90112,0.0309492,-0.372474,1.93597,0.243142,-0.381481,1.951,0.0132384,-0.685538,1.95822,0.252198,-0.694461,1.98633,0.0248915,-0.719173,1.87732,0.264137,-0.727829,1.90427
77,2214531002,0.174901,0.713582,1.96668,0.149173,0.473015,1.95546,0.0022076,0.434951,1.94454,0.317277,0.415986,1.98748,-0.0752817,0.153596,1.89367,0.358533,0.129168,1.96175,-0.0877662,-0.0681515,1.8782,0.366913,-0.080663,1.90214,-0.0781648,-0.143857,1.86872,0.359008,-0.169407,1.87448,0.142439,0.170088,1.94132,0.14562,0.117274,1.89927,0.0777038,0.051391,1.87102,0.21115,0.0433289,1.8984,0.0305597,-0.372863,1.93398,0.243,-0.382086,1.95033,0.013166,-0.685807,1.95799,0.251788,-0.694899,1.98704,0.0249437,-0.719438,1.87696,0.263879,-0.72822,1.90494
78,2214531005,0.173577,0.717376,1.96365,0.147653,0.47608,1.95325,0.00223324,0.433904,1.94266,0.315649,0.415059,1.98608,-0.0749255,0.152582,1.89534,0.356967,0.13016,1.96178,-0.0872969,-0.067468,1.88042,0.365639,-0.0798707,1.90246,-0.0772743,-0.141512,1.87009,0.358621,-0.168066,1.87478,0.141445,0.169621,1.9399,0.144802,0.116926,1.89654,0.0765775,0.0516612,1.86756,0.210532,0.0430114,1.89588,0.0300675,-0.37305,1.93184,0.24285,-0.382688,1.94953,0.0130902,-0.686023,1.95769,0.251333,-0.695323,1.98773,0.025003,-0.719645,1.8765,0.263587,-0.728603,1.9056
79,2214531009,0.172549,0.718402,1.96186,0.146427,0.476689,1.95127,0.00214381,0.433053,1.94071,0.314115,0.414211,1.9846,-0.0747166,0.151822,1.89659,0.355833,0.130604,1.96158,-0.0870451,-0.0667279,1.88145,0.364799,-0.0796301,1.90259,-0.0770174,-0.139606,1.86961,0.358518,-0.167447,1.87494,0.140575,0.169208,1.93868,0.144168,0.116652,1.8944,0.0758003,0.0518586,1.8651,0.210026,0.0427087,1.89383,0.0293312,-0.373272,1.92951,0.242623,-0.383387,1.94864,0.0130122,-0.686259,1.9574,0.25089,-0.69582,1.98837,0.0250558,-0.719878,1.87609,0.263301,-0.729075,1.90623
80,2214531012,0.171525,0.718661,1.96033,0.1453,0.47627,1.9493,0.001901,0.432336,1.93863,0.312648,0.413453,1.98303,-0.0746197,0.151249,1.89743,0.354463,0.131311,1.96074,-0.0872145,-0.0659121,1.88088,0.364237,-0.0793847,1.90267,-0.0774457,-0.138348,1.86679,0.358681,-0.166894,1.87506,0.139838,0.168836,1.93764,0.143684,0.116434,1.89273,0.0752719,0.0519863,1.86328,0.20963,0.042442,1.89221,0.0286552,-0.373534,1.92744,0.242352,-0.384158,1.94765,0.0129292,-0.686538,1.95712,0.250502,-0.696357,1.98887,0.0251046,-0.720155,1.8757,0.263057,-0.729599,1.90673
81,2214531015,0.170355,0.718165,1.95894,0.144212,0.474872,1.94733,0.00156833,0.431793,1.93668,0.311272,0.412845,1.98143,-0.0745861,0.15083,1.89797,0.353126,0.132072,1.95946,-0.0881326,-0.0649167,1.87731,0.363952,-0.0792461,1.90265,-0.0790504,-0.137739,1.86031,0.359022,-0.166628,1.87508,0.13919,0.168464,1.93676,0.143297,0.116238,1.8914,0.0749068,0.0520503,1.86194,0.209292,0.042187,1.8909,0.0280772,-0.37385,1.92565,0.242017,-0.385014,1.94655,0.0128473,-0.686889,1.95685,0.250148,-0.696958,1.9893,0.0251471,-0.720501,1.87534,0.262826,-0.730201,1.90716
82,2214531019,0.169137,0.717438,1.95769,0.143349,0.473433,1.94578,0.00108345,0.431364,1.93481,0.30986,0.412398,1.97973,-0.0747534,0.150475,1.89818,0.352091,0.132805,1.95824,-0.08983,-0.0640072,1.87081,0.363955,-0.0791188,1.90254,-0.0817269,-0.139147,1.84902,0.359542,-0.166444,1.87504,0.138571,0.168087,1.93599,0.14293,0.116039,1.89028,0.0746252,0.0520723,1.86094,0.208923,0.0419146,1.88971,0.0275696,-0.374228,1.92409,0.241606,-0.385931,1.94536,0.0127672,-0.68733,1.9566,0.249802,-0.697614,1.98973,0.02518,-0.720934,1.87501,0.262581,-0.730869,1.9076
83,2214531023,0.167679,0.716423,1.95652,0.142605,0.47185,1.94445,0.000463078,0.43102,1.93305,0.308479,0.412037,1.97792,-0.0752804,0.150139,1.89784,0.351284,0.133558,1.95705,-0.0918529,-0.0633108,1.8623,0.36437,-0.0791884,1.9021,-0.0844671,-0.141601,1.8349,0.360374,-0.166465,1.87487,0.137963,0.167683,1.93531,0.142568,0.115827,1.88933,0.0743996,0.0520613,1.86019,0.20851,0.0416046,1.88863,0.0271615,-0.374674,1.92271,0.241215,-0.386899,1.94409,0.0107717,-0.704594,1.9581,0.249474,-0.698325,1.99015,0.0123811,-0.768015,1.91252,0.26232,-0.731603,1.90802
84,2214531026,0.166245,0.715476,1.95554,0.141939,0.470466,1.94338,-0.000274833,0.43075,1.93142,0.307289,0.411772,1.97625,-0.076255,0.149802,1.89652,0.350674,0.134063,1.95585,-0.0938775,-0.0628063,1.85249,0.365032,-0.0792631,1.9014,-0.0866373,-0.143084,1.82166,0.361349,-0.16659,1.87453,0.137324,0.167287,1.93465,0.142169,0.115621,1.88845,0.0741887,0.0520258,1.85958,0.208051,0.0412889,1.8876,0.0268052,-0.375262,1.92113,0.240944,-0.387861,1.94268,0.0105079,-0.706527,1.95799,0.249186,-0.699012,1.99049,0.0162946,-0.756343,1.89886,0.26208,-0.732315,1.90836
85,2214531029,0.164654,0.714543,1.95469,0.141277,0.469191,1.94246,-0.00106397,0.43051,1.92992,0.305964,0.411445,1.97436,-0.0778354,0.149474,1.89377,0.350269,0.134606,1.95469,-0.0956802,-0.0623759,1.84152,0.365938,-0.0793555,1.90034,-0.0880552,-0.14568,1.80631,0.362347,-0.166745,1.87359,0.136576,0.1668,1.93395,0.141646,0.115332,1.88751,0.0739577,0.0519355,1.85903,0.20743,0.0408773,1.88645,0.0265195,-0.375898,1.91974,0.240728,-0.388831,1.94124,0.0103749,-0.707324,1.95775,0.248937,-0.699747,1.99072,0.0188381,-0.748337,1.88977,0.261842,-0.733081,1.90859
86,2214531033,0.162735,0.713656,1.9538,0.140734,0.46812,1.94172,-0.00188433,0.430301,1.92858,0.304671,0.411068,1.97246,-0.0795814,0.149141,1.88983,0.350019,0.135216,1.9535,-0.0969995,-0.0620716,1.83109,0.366879,-0.0793947,1.89911,-0.0887811,-0.146898,1.79194,0.363372,-0.166769,1.87174,0.135849,0.166288,1.93325,0.141093,0.115,1.88654,0.0736971,0.0517665,1.85845,0.206788,0.0404426,1.8853,0.0262848,-0.37656,1.91852,0.240602,-0.389781,1.93974,0.0102987,-0.707377,1.9573,0.248778,-0.700608,1.99066,0.0205601,-0.742474,1.88282,0.261667,-0.733976,1.90851
87,2214531036,0.160615,0.712878,1.95286,0.140223,0.467218,1.94111,-0.00266042,0.430152,1.92744,0.303627,0.410881,1.97096,-0.0812908,0.14893,1.88557,0.349888,0.135936,1.95223,-0.097672,-0.0617257,1.82212,0.367836,-0.079298,1.89767,-0.088928,-0.147094,1.78029,0.36431,-0.166582,1.86937,0.135098,0.165798,1.93253,0.140488,0.114686,1.88554,0.0734096,0.0515759,1.85788,0.20606,0.0400492,1.884,0.026123,-0.377175,1.91745,0.240504,-0.390551,1.93835,0.0101971,-0.706909,1.95661,0.248653,-0.701327,1.99058,0.0215609,-0.738562,1.87784,0.261527,-0.734719,1.90841
88,2214531039,0.158366,0.712183,1.95184,0.139672,0.466386,1.94052,-0.00348202,0.429987,1.92639,0.302521,0.410732,1.96948,-0.0828423,0.148665,1.88142,0.349843,0.136688,1.95094,-0.0978776,-0.0614105,1.81368,0.368747,-0.0791215,1.8959,-0.0886231,-0.145799,1.77051,0.365235,-0.166246,1.8663,0.134287,0.165234,1.9317,0.139794,0.114293,1.88437,0.0730694,0.0512979,1.8572,0.205243,0.0396237,1.88247,0.02602,-0.377926,1.91621,0.240484,-0.391214,1.93711,0.0100826,-0.706311,1.95588,0.248554,-0.70202,1.99047,0.0221033,-0.73614,1.87447,0.261396,-0.735431,1.90827
89,2214531043,0.156454,0.711643,1.95098,0.13905,0.465616,1.93994,-0.00442406,0.429775,1.92539,0.301486,0.41064,1.96814,-0.0842336,0.148311,1.87768,0.349814,0.13731,1.94953,-0.0975849,-0.0611659,1.80595,0.36952,-0.0789462,1.89395,-0.0874347,-0.144112,1.76225,0.366011,-0.165941,1.86318,0.133464,0.164663,1.93081,0.139072,0.113885,1.88312,0.0726601,0.0509226,1.85635,0.204457,0.0392338,1.88095,0.0259712,-0.3787,1.91502,0.24053,-0.391792,1.93593,0.0099691,-0.70573,1.95518,0.248487,-0.702722,1.99024,0.0224134,-0.734627,1.87215,0.261283,-0.736151,1.908
90,2214531046,0.154805,0.711221,1.95025,0.138419,0.464919,1.93937,-0.00533963,0.429576,1.92451,0.300475,0.410546,1.96687,-0.0853553,0.147991,1.87455,0.349836,0.137852,1.9482,-0.0970149,-0.060754,1.7987,0.370091,-0.0787321,1.89162,-0.0860764,-0.141742,1.7559,0.366663,-0.165687,1.86006,0.132658,0.164089,1.92987,0.138341,0.11347,1.88179,0.072209,0.0504967,1.85533,0.203684,0.0388641,1.87937,0.0259839,-0.379476,1.91382,0.240668,-0.392335,1.93467,0.00990167,-0.705198,1.95456,0.248403,-0.703311,1.99008,0.0226255,-0.733642,1.87055,0.260497,-0.764918,1.94956
91,2214531050,0.153338,0.710893,1.94967,0.13772,0.464258,1.93876,-0.00636231,0.429353,1.92367,0.29951,0.410458,1.96568,-0.0862495,0.147629,1.87184,0.349876,0.13833,1.94689,-0.0963421,-0.0605279,1.79306,0.370489,-0.0784595,1.8892,-0.0844305,-0.139745,1.75088,0.367129,-0.165403,1.85709,0.131924,0.163555,1.92894,0.137675,0.113087,1.8805,0.0717761,0.0500488,1.85426,0.203015,0.038548,1.87785,0.0260755,-0.380237,1.91268,0.240851,-0.392839,1.93334,0.00983603,-0.704762,1.95399,0.248362,-0.703932,1.98977,0.022751,-0.732991,1.86937,0.260242,-0.760304,1.93662
92,2214531053,0.151765,0.710579,1.94908,0.136911,0.463575,1.93807,-0.00744427,0.429087,1.92287,0.298567,0.410384,1.96457,-0.086911,0.147215,1.86962,0.349906,0.138729,1.94562,-0.0955566,-0.0604858,1.78876,0.370731,-0.0782135,1.88677,-0.0829175,-0.138055,1.74724,0.365548,-0.163691,1.84988,0.131226,0.163014,1.92799,0.137047,0.112693,1.87922,0.071347,0.0495224,1.85312,0.202417,0.0382644,1.8764,0.0261933,-0.381023,1.91163,0.241031,-0.393286,1.93211,0.00925451,-0.708855,1.9536,0.248356,-0.704584,1.98936,0.0219638,-0.73914,1.86876,0.260948,-0.776381,1.95956
93,2214531056,0.149735,0.710302,1.94818,0.136042,0.462943,1.93735,-0.00850904,0.428803,1.92213,0.297637,0.410263,1.96349,-0.0873985,0.146781,1.86773,0.350005,0.1385,1.9439,-0.094778,-0.0605827,1.78561,0.370819,-0.0779831,1.88456,-0.0811922,-0.136239,1.7447,0.364966,-0.16276,1.84531,0.130516,0.162453,1.927,0.136402,0.112269,1.8779,0.0708836,0.0489459,1.85192,0.20182,0.0379769,1.87491,0.0263279,-0.381824,1.91062,0.241235,-0.39369,1.931,0.00878508,-0.712225,1.95321,0.248393,-0.705279,1.98884,0.0213036,-0.743941,1.86836,0.26097,-0.761995,1.93191
94,2214531059,0.147253,0.710088,1.9471,0.135196,0.462385,1.93666,-0.00958689,0.428507,1.92144,0.296572,0.410072,1.96231,-0.0877451,0.146329,1.86611,0.35011,0.137773,1.94198,-0.0940927,-0.0607821,1.78335,0.370827,-0.0779662,1.88241,-0.0795403,-0.134574,1.74315,0.364701,-0.16243,1.84214,0.129897,0.161946,1.9261,0.135834,0.111881,1.87671,0.070466,0.048411,1.85079,0.201314,0.0377246,1.87362,0.0264647,-0.382541,1.90978,0.241465,-0.394073,1.92994,0.00836137,-0.714747,1.95278,0.248485,-0.706004,1.98823,0.0206887,-0.747365,1.86797,0.261072,-0.753335,1.91518
95,2214531063,0.145137,0.709958,1.94618,0.134421,0.461906,1.93602,-0.0105973,0.428219,1.9208,0.295599,0.409919,1.96126,-0.0880101,0.145893,1.86477,0.350148,0.137225,1.94032,-0.0935024,-0.0610404,1.78175,0.370775,-0.0778798,1.88067,-0.0779502,-0.133385,1.74233,0.36457,-0.162187,1.84004,0.129398,0.161506,1.92532,0.135388,0.111542,1.87569,0.0701511,0.0479076,1.84976,0.200934,0.0375215,1.87254,0.0265957,-0.383206,1.90905,0.241726,-0.394429,1.92894,0.00804241,-0.716581,1.9524,0.248592,-0.70669,1.98765,0.0202327,-0.749756,1.86768,0.261149,-0.749028,1.90672
96,2214531066,0.142558,0.712487,1.94466,0.13068,0.472765,1.93513,-0.0115586,0.427989,1.92022,0.294703,0.409815,1.96031,-0.0881917,0.145519,1.8637,0.350125,0.136941,1.939,-0.0929254,-0.0613504,1.78067,0.370715,-0.0776949,1.87927,-0.0762163,-0.132589,1.74225,0.3645,-0.161979,1.83863,0.128954,0.161411,1.9244,0.135014,0.111374,1.87447,0.0697751,0.0475735,1.84839,0.200826,0.037562,1.87113,0.026715,-0.383638,1.90845,0.241978,-0.394574,1.928,0.0078082,-0.717943,1.9521,0.248897,-0.707363,1.98648,0.0198929,-0.751478,1.86747,0.261465,-0.746048,1.90048
97,2214531069,0.140491,0.714109,1.94343,0.129214,0.474196,1.9342,-0.0124734,0.427791,1.91969,0.293984,0.409789,1.95957,-0.0883098,0.145174,1.86285,0.35008,0.136576,1.93779,-0.092221,-0.0618352,1.78012,0.370638,-0.0776075,1.87808,-0.0742335,-0.132032,1.74332,0.36446,-0.161876,1.83761,0.128596,0.161366,1.92363,0.134729,0.111258,1.87347,0.0694923,0.0472978,1.84727,0.200782,0.0376275,1.86996,0.0268302,-0.384017,1.90795,0.242204,-0.394687,1.92721,0.00763199,-0.718943,1.95184,0.24932,-0.708109,1.98501,0.0196481,-0.752701,1.8673,0.261774,-0.744299,1.89636
