Time,Head_c,Head_x,Head_y,Head_z,ShoulderCenter_c,ShoulderCenter_x,ShoulderCenter_y,ShoulderCenter_z,ShoulderLeft_c,ShoulderLeft_x,ShoulderLeft_y,ShoulderLeft_z,ShoulderRight_c,ShoulderRight_x,ShoulderRight_y,ShoulderRight_z,ElbowLeft_c,ElbowLeft_x,ElbowLeft_y,ElbowLeft_z,ElbowRight_c,ElbowRight_x,ElbowRight_y,ElbowRight_z,WristLeft_c,WristLeft_x,WristLeft_y,WristLeft_z,WristRight_c,WristRight_x,WristRight_y,WristRight_z,HandLeft_c,HandLeft_x,HandLeft_y,HandLeft_z,HandRight_c,HandRight_x,HandRight_y,HandRight_z,Spine_c,Spine_x,Spine_y,Spine_z,HipCenter_c,HipCenter_x,HipCenter_y,HipCenter_z,HipLeft_c,HipLeft_x,HipLeft_y,HipLeft_z,HipRight_c,HipRight_x,HipRight_y,HipRight_z,KneeLeft_c,KneeLeft_x,KneeLeft_y,KneeLeft_z,KneeRight_c,KneeRight_x,KneeRight_y,KneeRight_z,AnkleLeft_c,AnkleLeft_x,AnkleLeft_y,AnkleLeft_z,AnkleRight_c,AnkleRight_x,AnkleRight_y,AnkleRight_z,FootLeft_c,FootLeft_x,FootLeft_y,FootLeft_z,FootRight_c,FootRight_x,FootRight_y,FootRight_z
2515181061,1,-0.653,-0.2487,1.9651,1,-0.5656,-0.4112,2.0589,1,-0.6653,-0.4874,2.1522,1,-0.4432,-0.4683,2.0066,0.5,-0.7514,-0.6675,2.014,0.5,-0.4874,-0.6152,1.8709,0.5,-0.7249,-0.5967,1.7843,0.5,-0.6466,-0.612,1.7334,0.5,-0.7125,-0.5636,1.6805,0.5,-0.7139,-0.561,1.6889,1,-0.5209,-0.603,2.1064,1,-0.5048,-0.6373,2.1079,1,-0.5417,-0.7047,2.1415,1,-0.4403,-0.6726,2.0929,0.5,-0.8315,-0.8114,1.9624,1,-0.5636,-0.6254,1.815,0.5,-1.1138,-0.9153,1.7792,0.5,-0.323,-0.7378,2.0902,0.5,-1.1653,-0.9409,1.7124,1,-0.3447,-0.7021,1.9979
2515181064,1,-0.653,-0.2485,1.9649,1,-0.5656,-0.4111,2.0589,1,-0.6654,-0.4875,2.1526,1,-0.4432,-0.4683,2.0067,0.5,-0.7514,-0.6675,2.0141,0.5,-0.482,-0.6177,1.8744,0.5,-0.7247,-0.5966,1.7845,0.5,-0.6473,-0.611,1.7328,0.5,-0.7248,-0.5746,1.6213,0.5,-0.7144,-0.5612,1.6858,1,-0.52,-0.6015,2.1054,1,-0.5051,-0.6367,2.1085,1,-0.5426,-0.7041,2.1432,1,-0.4402,-0.6724,2.0932,0.5,-0.8302,-0.8133,1.9624,1,-0.5635,-0.6251,1.8156,0.5,-1.1107,-0.9198,1.7774,1,-0.3239,-0.7374,2.0919,0.5,-1.162,-0.9457,1.7107,1,-0.3454,-0.7017,1.9995
2515181067,1,-0.6532,-0.2543,1.9641,1,-0.5652,-0.411,2.0588,0.5,-0.6652,-0.4876,2.1529,1,-0.4434,-0.4681,2.0067,0.5,-0.7513,-0.6674,2.0142,0.5,-0.4886,-0.6134,1.872,0.5,-0.7285,-0.5981,1.7837,0.5,-0.6471,-0.6111,1.7328,0.5,-0.7248,-0.5746,1.6213,0.5,-0.7144,-0.5609,1.6857,1,-0.5197,-0.6014,2.1049,1,-0.5054,-0.637,2.1088,1,-0.5431,-0.7046,2.1434,1,-0.4411,-0.6728,2.0939,0.5,-0.8093,-0.8727,1.9753,1,-0.5634,-0.6251,1.8154,0.5,-1.068,-1.0361,1.8033,1,-0.3242,-0.7368,2.0909,0.5,-1.1184,-1.0652,1.7371,1,-0.3921,-0.705,2.0228
2515181072,1,-0.6528,-0.256,1.9642,1,-0.565,-0.4112,2.0587,1,-0.6684,-0.4917,2.1612,1,-0.4433,-0.4681,2.0067,0.5,-0.7525,-0.6689,2.0175,0.5,-0.4902,-0.6148,1.8691,0.5,-0.7281,-0.5985,1.7876,0.5,-0.647,-0.6112,1.7327,0.5,-0.7148,-0.5623,1.6776,0.5,-0.7141,-0.561,1.6859,1,-0.5226,-0.6047,2.1091,1,-0.5148,-0.6448,2.1223,1,-0.5551,-0.7154,2.1608,1,-0.4576,-0.6853,2.1176,1,-0.7951,-0.7876,1.9874,1,-0.5577,-0.6273,1.8279,0.5,-1.1109,-0.8826,1.7535,1,-0.3185,-0.7389,2.1038,0.5,-1.1623,-0.9082,1.6867,1,-0.3404,-0.7037,2.0113
2515181075,1,-0.6528,-0.2559,1.9641,1,-0.5649,-0.4113,2.0586,1,-0.6683,-0.4911,2.1609,1,-0.4434,-0.4679,2.0069,0.5,-0.7522,-0.6684,2.0174,0.5,-0.4811,-0.6185,1.8743,0.5,-0.7275,-0.5977,1.7876,0.5,-0.6466,-0.6114,1.7327,0.5,-0.7149,-0.5623,1.6776,0.5,-0.714,-0.561,1.686,1,-0.5243,-0.6058,2.1118,1,-0.5171,-0.6459,2.1257,1,-0.557,-0.7152,2.1636,1,-0.4595,-0.6861,2.1198,1,-0.7937,-0.7887,1.9863,1,-0.5574,-0.6274,1.8279,0.5,-1.1045,-0.8852,1.7478,1,-0.3195,-0.7373,2.1041,0.5,-1.1555,-0.9112,1.6809,1,-0.3413,-0.7022,2.0116
2515181078,1,-0.6527,-0.2569,1.9641,1,-0.5647,-0.4115,2.0584,1,-0.6681,-0.4918,2.1608,1,-0.4434,-0.4678,2.0068,0.5,-0.7522,-0.6689,2.0171,0.5,-0.4758,-0.6201,1.8769,0.5,-0.7271,-0.5975,1.7877,0.5,-0.6464,-0.6115,1.7327,0.5,-0.7254,-0.5747,1.6222,0.5,-0.7138,-0.5611,1.6861,1,-0.5194,-0.6022,2.1042,1,-0.5094,-0.6394,2.1138,1,-0.5476,-0.7095,2.1481,1,-0.4397,-0.6721,2.0939,0.5,-0.8148,-0.8699,1.975,1,-0.5626,-0.6254,1.8161,0.5,-1.0737,-1.0253,1.7986,1,-0.3247,-0.7351,2.0911,0.5,-1.1247,-1.0543,1.7329,1,-0.3927,-0.7038,2.0229
2515181081,1,-0.6529,-0.2573,1.9642,1,-0.5647,-0.4115,2.0584,1,-0.6682,-0.4928,2.1608,1,-0.4434,-0.4678,2.0068,0.5,-0.7523,-0.6696,2.0168,0.5,-0.4815,-0.6182,1.8722,0.5,-0.7269,-0.5976,1.7876,0.5,-0.6462,-0.6117,1.7327,0.5,-0.7145,-0.5618,1.6784,0.5,-0.7131,-0.5611,1.687,1,-0.5229,-0.6049,2.1062,1,-0.5155,-0.6443,2.1178,1,-0.5551,-0.7143,2.1534,1,-0.4589,-0.6851,2.1075,0.5,-0.822,-0.9429,2.123,1,-0.5589,-0.6263,1.8228,0.5,-1.08,-1.164,2.0849,1,-0.3215,-0.7356,2.0971,0.5,-1.1345,-1.199,2.0252,1,-0.3432,-0.7004,2.0046
2515181085,1,-0.6529,-0.2574,1.9642,1,-0.5645,-0.4114,2.0582,1,-0.6692,-0.4929,2.163,1,-0.4433,-0.468,2.0067,0.5,-0.7527,-0.6692,2.018,0.5,-0.484,-0.6163,1.871,0.5,-0.7272,-0.5971,1.7889,0.5,-0.6458,-0.6121,1.7329,0.5,-0.7187,-0.5731,1.7155,0.5,-0.7134,-0.561,1.6892,1,-0.5293,-0.609,2.1162,1,-0.5245,-0.6499,2.1326,1,-0.5674,-0.7183,2.1742,1,-0.4693,-0.693,2.1277,0.5,-0.8367,-0.9446,2.1566,1,-0.5567,-0.6275,1.828,0.5,-1.0967,-1.1631,2.1309,1,-0.3199,-0.7365,2.1017,0.5,-1.1514,-1.1998,2.0725,1,-0.389,-0.7054,2.0345
2515181088,1,-0.6527,-0.2585,1.9641,1,-0.5644,-0.412,2.0585,0.5,-0.6707,-0.4949,2.1667,1,-0.4433,-0.468,2.0067,0.5,-0.7535,-0.6698,2.0194,0.5,-0.4872,-0.616,1.8684,0.5,-0.6995,-0.6074,1.7925,0.5,-0.6459,-0.6121,1.7329,0.5,-0.6494,-0.6376,1.7297,0.5,-0.7143,-0.5607,1.6904,1,-0.5299,-0.6097,2.1177,1,-0.5247,-0.6501,2.1336,1,-0.5675,-0.7188,2.1752,1,-0.469,-0.693,2.128,0.5,-0.837,-0.9447,2.1554,1,-0.5566,-0.6275,1.828,0.5,-1.0967,-1.1624,2.1275,0.5,-0.3203,-0.7363,2.1012,0.5,-1.1516,-1.199,2.0692,1,-0.3894,-0.7051,2.034
2515181091,1,-0.6519,-0.2587,1.964,1,-0.5644,-0.4125,2.0584,0.5,-0.6717,-0.4958,2.168,1,-0.4428,-0.469,2.0059,0.5,-0.754,-0.6703,2.0198,0.5,-0.4888,-0.6162,1.8668,0.5,-0.6918,-0.6114,1.7942,0.5,-0.6552,-0.6045,1.7313,0.5,-0.6711,-0.5918,1.7219,0.5,-0.7151,-0.5607,1.6913,1,-0.5202,-0.6042,2.1041,1,-0.5082,-0.64,2.1109,1,-0.5442,-0.7131,2.1435,1,-0.4342,-0.6727,2.0874,0.5,-0.8168,-0.8632,1.9696,1,-0.5639,-0.6247,1.8131,0.5,-1.0786,-1.0074,1.7938,1,-0.3281,-0.7334,2.0857,0.5,-1.1306,-1.0355,1.7286,1,-0.3978,-0.7018,2.0193
2515181096,1,-0.6514,-0.2585,1.964,1,-0.5643,-0.4126,2.0585,0.5,-0.6719,-0.4958,2.169,1,-0.4428,-0.469,2.0058,0.5,-0.754,-0.6699,2.0204,0.5,-0.4892,-0.6163,1.8661,0.5,-0.6898,-0.6127,1.795,0.5,-0.6577,-0.6026,1.7316,0.5,-0.6684,-0.5936,1.7228,0.5,-0.7162,-0.5604,1.6949,1,-0.5187,-0.6032,2.1027,1,-0.5075,-0.6396,2.1103,1,-0.5439,-0.7128,2.1431,1,-0.4345,-0.6727,2.0879,0.5,-0.8173,-0.8623,1.9708,1,-0.5636,-0.6248,1.8136,0.5,-1.0797,-1.0057,1.7968,1,-0.3285,-0.7333,2.0857,0.5,-1.1319,-1.0338,1.7317,1,-0.3982,-0.7017,2.0194
2515181099,1,-0.6516,-0.259,1.9636,1,-0.5642,-0.4126,2.0585,0.5,-0.672,-0.4959,2.1695,1,-0.4427,-0.4692,2.0056,0.5,-0.7544,-0.6697,2.0207,0.5,-0.4892,-0.6164,1.8655,0.5,-0.6886,-0.6134,1.7956,0.5,-0.6542,-0.6083,1.7347,0.5,-0.6667,-0.5946,1.7235,0.5,-0.718,-0.5598,1.7021,1,-0.5181,-0.6027,2.1018,1,-0.5073,-0.6393,2.1099,1,-0.5438,-0.7127,2.1431,1,-0.4351,-0.6728,2.0882,0.5,-0.8175,-0.8625,1.9705,1,-0.5637,-0.6249,1.8131,0.5,-1.0799,-1.0061,1.7963,1,-0.3201,-0.7453,2.0736,0.5,-1.1323,-1.0341,1.7313,1,-0.4177,-0.7554,2.0487
2515181102,1,-0.6501,-0.2591,1.9642,1,-0.564,-0.4128,2.0584,0.5,-0.672,-0.496,2.1696,1,-0.4426,-0.4692,2.0054,0.5,-0.7544,-0.6699,2.0211,0.5,-0.4904,-0.6164,1.8649,0.5,-0.688,-0.6139,1.7961,0.5,-0.6584,-0.6057,1.736,0.5,-0.6659,-0.5952,1.724,0.5,-0.7214,-0.5592,1.7049,1,-0.5217,-0.606,2.1067,1,-0.5144,-0.6454,2.1196,1,-0.5546,-0.7188,2.1567,1,-0.459,-0.6877,2.1175,0.5,-0.817,-0.8604,1.9607,1,-0.5565,-0.6276,1.8283,0.5,-1.0682,-0.996,1.7643,1,-0.319,-0.7413,2.0956,0.5,-1.1195,-1.0241,1.6986,1,-0.3902,-0.7091,2.0312
2515181105,1,-0.6503,-0.2587,1.964,1,-0.564,-0.4128,2.0584,0.5,-0.6722,-0.4959,2.1699,1,-0.4425,-0.4692,2.0054,0.5,-0.7544,-0.6698,2.0213,0.5,-0.4743,-0.62,1.8732,0.5,-0.6878,-0.6142,1.7964,0.5,-0.6602,-0.6047,1.7372,0.5,-0.6656,-0.5957,1.7243,0.5,-0.7228,-0.5597,1.7084,1,-0.52,-0.604,2.1029,1,-0.5114,-0.6419,2.1133,1,-0.5517,-0.7157,2.1476,1,-0.4425,-0.6742,2.0947,1,-0.8006,-0.7868,1.989,1,-0.5617,-0.6257,1.816,0.5,-1.1233,-0.8791,1.7776,0.5,-0.326,-0.7387,2.0854,0.5,-1.1767,-0.9035,1.712,1,-0.3475,-0.7027,1.9932
2515181108,1,-0.6503,-0.2623,1.9645,1,-0.5636,-0.4128,2.0582,1,-0.672,-0.4985,2.1701,1,-0.4424,-0.4691,2.0053,1,-0.7546,-0.6716,2.0208,0.5,-0.4691,-0.6208,1.8756,1,-0.6791,-0.6224,1.7973,0.5,-0.6379,-0.6205,1.7499,0.5,-0.6539,-0.606,1.7257,0.5,-0.724,-0.5603,1.7149,1,-0.519,-0.6032,2.1019,1,-0.5102,-0.641,2.1121,1,-0.551,-0.7156,2.147,1,-0.4416,-0.6736,2.0943,1,-0.8002,-0.7867,1.9893,1,-0.5617,-0.6259,1.816,0.5,-1.1236,-0.879,1.7787,0.5,-0.3269,-0.7376,2.0868,0.5,-1.177,-0.9035,1.7131,1,-0.3991,-0.7058,2.0235
2515181111,1,-0.6492,-0.2604,1.9644,1,-0.5633,-0.4125,2.058,1,-0.6715,-0.497,2.1692,1,-0.4421,-0.4685,2.0054,0.5,-0.7543,-0.6708,2.0207,0.5,-0.4723,-0.6206,1.8699,0.5,-0.6776,-0.622,1.7975,0.5,-0.6441,-0.6188,1.7498,0.5,-0.652,-0.6058,1.726,0.5,-0.7218,-0.5645,1.7226,1,-0.5187,-0.6018,2.0982,1,-0.5099,-0.6393,2.1075,1,-0.551,-0.7138,2.1412,1,-0.442,-0.673,2.0903,1,-0.8021,-0.7879,1.9887,1,-0.5633,-0.6254,1.8128,0.5,-1.1285,-0.8842,1.7847,1,-0.3279,-0.7361,2.0838,0.5,-1.1822,-0.9079,1.7191,1,-0.3981,-0.7045,2.0181
2515181114,1,-0.6491,-0.2602,1.9643,1,-0.5632,-0.4126,2.0581,0.5,-0.6715,-0.4969,2.1692,1,-0.4419,-0.4687,2.0052,0.5,-0.7543,-0.6706,2.0208,0.5,-0.4772,-0.6199,1.8664,0.5,-0.6669,-0.6216,1.8018,0.5,-0.647,-0.6186,1.75,0.5,-0.6378,-0.6053,1.7317,0.5,-0.7234,-0.5635,1.7251,1,-0.5406,-0.6093,2.1437,1,-0.5364,-0.6483,2.1627,1,-0.5886,-0.7132,2.2081,1,-0.4729,-0.6905,2.1605,1,-0.7871,-0.7868,1.9888,1,-0.5557,-0.6285,1.8298,0.5,-1.0452,-0.8825,1.6977,1,-0.3193,-0.7395,2.1001,0.5,-1.0929,-0.9132,1.6304,1,-0.4153,-0.7503,2.0699
2515181119,1,-0.6483,-0.2563,1.9625,1,-0.5628,-0.4125,2.058,1,-0.6714,-0.4976,2.1693,1,-0.4418,-0.4688,2.005,0.5,-0.7544,-0.671,2.0207,0.5,-0.4795,-0.6195,1.8648,0.5,-0.6818,-0.6126,1.7985,0.5,-0.6579,-0.6123,1.749,0.5,-0.7289,-0.5651,1.7279,0.5,-0.7244,-0.5631,1.7265,1,-0.5248,-0.6108,2.1127,1,-0.5145,-0.651,2.1189,1,-0.5571,-0.7245,2.1536,1,-0.4508,-0.6875,2.1074,0.5,-0.8388,-0.8092,1.9532,1,-0.557,-0.6278,1.8262,0.5,-1.11,-0.8908,1.7516,1,-0.3209,-0.7361,2.0982,0.5,-1.1624,-0.9152,1.6853,1,-0.4169,-0.7477,2.0683
2515181122,1,-0.648,-0.2559,1.9625,1,-0.5626,-0.4122,2.0579,1,-0.672,-0.4984,2.1711,1,-0.4417,-0.4687,2.005,0.5,-0.7546,-0.6713,2.0215,0.5,-0.4714,-0.6163,1.8737,0.5,-0.6683,-0.6178,1.8031,0.5,-0.6418,-0.6212,1.7533,0.5,-0.7289,-0.5651,1.7278,0.5,-0.725,-0.5628,1.7273,1,-0.5302,-0.6119,2.1162,1,-0.5265,-0.6531,2.1296,1,-0.5771,-0.7253,2.169,1,-0.4678,-0.6924,2.1254,0.5,-0.8239,-0.8582,1.9479,1,-0.5553,-0.6288,1.8303,0.5,-1.0613,-0.9861,1.7264,1,-0.319,-0.7363,2.1028,0.5,-1.1116,-1.0132,1.6596,1,-0.4146,-0.748,2.0717
2515181125,1,-0.6482,-0.2586,1.9624,1,-0.5628,-0.414,2.0586,0.5,-0.6743,-0.5049,2.176,1,-0.4415,-0.4689,2.005,0.5,-0.7563,-0.675,2.0224,0.5,-0.4776,-0.6126,1.8707,0.5,-0.6698,-0.6188,1.8048,0.5,-0.6406,-0.6216,1.7534,0.5,-0.7288,-0.5651,1.7279,0.5,-0.7253,-0.5627,1.7277,1,-0.5231,-0.6037,2.0977,1,-0.5131,-0.6379,2.1009,1,-0.554,-0.7149,2.1342,1,-0.4395,-0.6744,2.0732,0.5,-0.8466,-0.8245,1.9624,1,-0.5705,-0.6229,1.8,0.5,-1.1275,-0.9298,1.7886,1,-0.3338,-0.7304,2.0725,0.5,-1.182,-0.9527,1.7234,1,-0.4307,-0.744,2.0464
2515181128,1,-0.6482,-0.2583,1.9625,1,-0.5628,-0.414,2.0586,1,-0.6723,-0.5033,2.1727,1,-0.4415,-0.4689,2.0049,0.5,-0.7556,-0.6744,2.0211,0.5,-0.4801,-0.6133,1.8686,0.5,-0.6824,-0.6131,1.7998,0.5,-0.6454,-0.6206,1.7517,0.5,-0.7291,-0.5647,1.727,0.5,-0.7254,-0.5626,1.7277,1,-0.5261,-0.6094,2.102,1,-0.5199,-0.6509,2.1131,1,-0.5649,-0.7229,2.147,1,-0.4584,-0.6974,2.1083,0.5,-0.8518,-0.8106,1.9538,1,-0.5573,-0.6276,1.8258,0.5,-1.1277,-0.8949,1.7594,1,-0.3207,-0.7348,2.0987,0.5,-1.1812,-0.9174,1.6931,1,-0.3931,-0.7042,2.0349
2515181131,1,-0.6473,-0.2572,1.9634,1,-0.5606,-0.4124,2.0581,1,-0.6723,-0.5027,2.1728,1,-0.4412,-0.4686,2.0048,0.5,-0.7555,-0.6738,2.0212,0.5,-0.4759,-0.6173,1.8711,0.5,-0.6687,-0.6182,1.8036,0.5,-0.6558,-0.6132,1.7496,0.5,-0.7292,-0.5645,1.7268,0.5,-0.7265,-0.5621,1.7277,1,-0.5206,-0.6038,2.0954,1,-0.5123,-0.6422,2.1036,1,-0.5566,-0.7157,2.1345,1,-0.441,-0.6736,2.0845,0.5,-0.8526,-0.8105,1.9587,1,-0.566,-0.625,1.8075,0.5,-1.1367,-0.9016,1.781,1,-0.3289,-0.7317,2.0805,0.5,-1.1911,-0.9238,1.7154,1,-0.4256,-0.7443,2.0534
2515181135,1,-0.6468,-0.2568,1.9635,1,-0.5607,-0.4124,2.058,1,-0.6725,-0.5022,2.1739,1,-0.441,-0.4686,2.0048,0.5,-0.7555,-0.6732,2.022,0.5,-0.4783,-0.6162,1.8691,0.5,-0.6669,-0.619,1.8046,0.5,-0.6621,-0.6081,1.7482,0.5,-0.7289,-0.5644,1.7271,0.5,-0.7267,-0.562,1.7282,1,-0.5214,-0.6053,2.0962,1,-0.5135,-0.6443,2.1052,1,-0.558,-0.7191,2.138,1,-0.4456,-0.6803,2.0894,0.5,-0.852,-0.8121,1.9564,1,-0.5642,-0.6249,1.8102,0.5,-1.134,-0.9013,1.7735,1,-0.3268,-0.7318,2.0833,0.5,-1.1883,-0.9235,1.7078,1,-0.4233,-0.7445,2.0552
2515181138,1,-0.6452,-0.2544,1.9626,1,-0.5604,-0.4122,2.0579,1,-0.6725,-0.5023,2.174,1,-0.4408,-0.4685,2.0049,0.5,-0.7555,-0.6733,2.022,0.5,-0.4731,-0.6189,1.8731,0.5,-0.6681,-0.6203,1.8039,0.5,-0.6634,-0.6075,1.748,0.5,-0.7294,-0.5642,1.7269,0.5,-0.7278,-0.5617,1.7284,1,-0.5196,-0.6044,2.0944,1,-0.5113,-0.6432,2.1032,1,-0.5557,-0.7181,2.1369,1,-0.4423,-0.6802,2.0856,0.5,-0.8536,-0.81,1.9601,1,-0.5659,-0.6244,1.8081,0.5,-1.1389,-0.898,1.7819,0.5,-0.3282,-0.7314,2.0811,0.5,-1.1935,-0.92,1.7164,1,-0.4247,-0.7444,2.0534
2515181141,1,-0.6446,-0.2537,1.9631,1,-0.5601,-0.4117,2.0574,1,-0.6723,-0.5018,2.1738,1,-0.4405,-0.468,2.0052,0.5,-0.7554,-0.6729,2.0221,0.5,-0.4729,-0.6192,1.8738,0.5,-0.6692,-0.6227,1.8027,0.5,-0.6643,-0.6073,1.748,0.5,-0.7278,-0.5646,1.7278,0.5,-0.7282,-0.5616,1.7285,1,-0.5232,-0.6065,2.0977,1,-0.5171,-0.6466,2.1089,1,-0.5633,-0.7234,2.1467,1,-0.4554,-0.6853,2.0961,0.5,-0.8536,-0.8075,1.9538,1,-0.5624,-0.6252,1.8128,0.5,-1.1319,-0.8881,1.76,1,-0.3214,-0.734,2.0827,0.5,-1.1857,-0.9099,1.6937,1,-0.4181,-0.7464,2.055
2515181144,1,-0.6446,-0.2537,1.9632,1,-0.5599,-0.4117,2.0574,1,-0.6721,-0.5016,2.1738,1,-0.4404,-0.468,2.0052,0.5,-0.7521,-0.6762,2.0245,0.5,-0.4705,-0.6201,1.8751,0.5,-0.6664,-0.6255,1.805,0.5,-0.6653,-0.607,1.748,0.5,-0.7279,-0.5646,1.7277,0.5,-0.7269,-0.5634,1.7298,1,-0.5205,-0.6044,2.0969,1,-0.5127,-0.6428,2.1072,1,-0.5556,-0.7183,2.1445,1,-0.4458,-0.6793,2.0908,1,-0.8052,-0.7915,1.9851,1,-0.5644,-0.6252,1.8112,0.5,-1.1294,-0.8866,1.7721,0.5,-0.3216,-0.7338,2.0798,0.5,-1.1833,-0.909,1.7062,1,-0.4184,-0.7464,2.0525
2515181149,1,-0.6447,-0.2525,1.9638,1,-0.5601,-0.4118,2.0575,1,-0.6721,-0.5012,2.174,1,-0.4402,-0.4679,2.0052,0.5,-0.7531,-0.675,2.0243,0.5,-0.4775,-0.62,1.8691,0.5,-0.6411,-0.6446,1.8134,0.5,-0.6383,-0.6213,1.7539,0.5,-0.7277,-0.5645,1.728,0.5,-0.727,-0.5631,1.7301,1,-0.5203,-0.6031,2.0953,1,-0.5122,-0.6409,2.1047,1,-0.5548,-0.7172,2.1426,1,-0.4449,-0.6774,2.0856,0.5,-0.8495,-0.8046,1.9577,1,-0.5668,-0.6244,1.8068,0.5,-1.1321,-0.8884,1.7716,1,-0.3275,-0.7322,2.0789,0.5,-1.1862,-0.9106,1.7057,1,-0.4242,-0.7452,2.0515
2515181152,1,-0.6462,-0.252,1.9644,1,-0.5601,-0.4119,2.0575,1,-0.6719,-0.5013,2.1738,1,-0.4397,-0.4679,2.0054,0.5,-0.7536,-0.6747,2.0239,0.5,-0.4794,-0.6187,1.8679,0.5,-0.6818,-0.6202,1.8001,0.5,-0.6377,-0.6222,1.754,0.5,-0.7276,-0.5645,1.7279,0.5,-0.727,-0.5631,1.7301,1,-0.5179,-0.6021,2.0956,1,-0.509,-0.6396,2.1053,1,-0.5513,-0.7161,2.1422,1,-0.4388,-0.6742,2.0882,1,-0.8027,-0.7905,1.986,1,-0.5653,-0.6256,1.8108,0.5,-1.1294,-0.8872,1.7771,1,-0.3253,-0.7332,2.0827,0.5,-1.1834,-0.9101,1.7113,1,-0.4219,-0.7458,2.0547
2515181155,1,-0.6454,-0.2516,1.9644,1,-0.5596,-0.4116,2.0573,1,-0.671,-0.4987,2.1723,1,-0.4395,-0.4678,2.0054,0.5,-0.7537,-0.6724,2.0234,0.5,-0.4808,-0.6173,1.8677,0.5,-0.6818,-0.6199,1.7992,0.5,-0.6371,-0.6225,1.7543,0.5,-0.7275,-0.5645,1.7281,0.5,-0.7271,-0.563,1.7304,1,-0.5175,-0.6018,2.0954,1,-0.5086,-0.6393,2.1051,1,-0.5506,-0.7156,2.1423,1,-0.4389,-0.6742,2.088,1,-0.8019,-0.7903,1.9862,1,-0.5653,-0.6256,1.8108,0.5,-1.1287,-0.8873,1.7774,1,-0.3259,-0.7335,2.0834,0.5,-1.1827,-0.9102,1.7116,1,-0.4225,-0.7461,2.0552
2515181158,1,-0.6456,-0.2537,1.9652,1,-0.5591,-0.4112,2.0571,1,-0.6709,-0.4986,2.1722,1,-0.4395,-0.4677,2.0053,0.5,-0.754,-0.672,2.0232,0.5,-0.4767,-0.619,1.8704,0.5,-0.6798,-0.6204,1.7996,0.5,-0.6474,-0.6189,1.7519,0.5,-0.7275,-0.5645,1.7281,0.5,-0.7272,-0.5629,1.7307,1,-0.521,-0.6044,2.0981,1,-0.5147,-0.6439,2.1095,1,-0.5595,-0.7203,2.1482,1,-0.4533,-0.6834,2.0958,0.5,-0.8469,-0.8055,1.9521,1,-0.5629,-0.6256,1.8132,0.5,-1.1235,-0.8874,1.7545,0.5,-0.3238,-0.7342,2.086,0.5,-1.1769,-0.9098,1.6881,1,-0.4203,-0.7466,2.0574
2515181161,1,-0.6445,-0.2544,1.9655,1,-0.559,-0.4116,2.0571,1,-0.6709,-0.4988,2.1723,1,-0.4393,-0.4679,2.0052,0.5,-0.7539,-0.6723,2.0232,0.5,-0.4731,-0.6205,1.8737,0.5,-0.6842,-0.6161,1.7992,0.5,-0.6494,-0.6184,1.7513,0.5,-0.7272,-0.5645,1.7283,0.5,-0.7272,-0.5628,1.7308,1,-0.5338,-0.6101,2.1293,1,-0.5314,-0.6502,2.1521,1,-0.5825,-0.7138,2.195,1,-0.4693,-0.695,2.1532,0.5,-0.8247,-0.8106,1.9479,1,-0.5546,-0.63,1.8341,0.5,-1.058,-0.9039,1.7011,0.5,-0.3155,-0.7386,2.1071,0.5,-1.1069,-0.933,1.6337,0.5,-0.4111,-0.7496,2.0751
2515181164,1,-0.644,-0.254,1.9658,1,-0.559,-0.4116,2.0571,1,-0.6698,-0.4976,2.17,1,-0.4393,-0.4678,2.0053,0.5,-0.7534,-0.6718,2.0223,0.5,-0.4697,-0.6213,1.8762,0.5,-0.684,-0.6175,1.7977,0.5,-0.6595,-0.6113,1.7494,0.5,-0.7274,-0.5648,1.7262,0.5,-0.7273,-0.5629,1.7307,1,-0.533,-0.6114,2.1229,1,-0.5286,-0.6524,2.1367,1,-0.5723,-0.72,2.1729,1,-0.4702,-0.6965,2.1203,0.5,-0.8364,-0.8086,1.9472,1,-0.5555,-0.6294,1.8317,0.5,-1.0911,-0.894,1.7207,0.5,-0.3164,-0.7379,2.105,0.5,-1.142,-0.9198,1.6535,0.5,-0.4121,-0.7489,2.0734
2515181167,1,-0.6437,-0.254,1.9655,1,-0.5589,-0.4118,2.0572,1,-0.6692,-0.5014,2.1701,1,-0.4392,-0.4678,2.0053,0.5,-0.7538,-0.6743,2.0214,0.5,-0.4763,-0.6205,1.8697,0.5,-0.684,-0.6178,1.7974,0.5,-0.6621,-0.6094,1.7489,0.5,-0.7277,-0.5647,1.726,0.5,-0.7273,-0.5629,1.7308,1,-0.5324,-0.6119,2.1222,1,-0.5276,-0.6527,2.136,1,-0.5705,-0.7219,2.1733,1,-0.4694,-0.6964,2.1204,0.5,-0.8373,-0.8065,1.9496,1,-0.5555,-0.6295,1.8321,0.5,-1.0949,-0.8882,1.7249,0.5,-0.3162,-0.7379,2.1056,0.5,-1.1458,-0.9138,1.6575,0.5,-0.412,-0.7487,2.074
2515181172,1,-0.644,-0.2543,1.9652,1,-0.5584,-0.4116,2.057,1,-0.6694,-0.501,2.1706,1,-0.4392,-0.4679,2.0054,0.5,-0.7536,-0.6739,2.0217,0.5,-0.4719,-0.6212,1.8725,0.5,-0.6841,-0.6177,1.7977,0.5,-0.6398,-0.6225,1.7543,0.5,-0.7291,-0.5643,1.7237,0.5,-0.7274,-0.5628,1.7307,1,-0.5165,-0.5915,2.1025,1,-0.5055,-0.6235,2.1098,1,-0.5471,-0.7045,2.155,1,-0.4389,-0.6596,2.0901,0.5,-0.8276,-0.8158,1.9638,1,-0.5655,-0.6274,1.8115,0.5,-1.0988,-0.9234,1.7701,1,-0.3267,-0.7357,2.0857,0.5,-1.1509,-0.9503,1.7042,0.5,-0.4234,-0.7472,2.0575
2515181175,1,-0.644,-0.2538,1.9638,1,-0.5583,-0.4116,2.0569,1,-0.6693,-0.5009,2.1705,1,-0.4389,-0.4679,2.0055,0.5,-0.754,-0.6737,2.0216,0.5,-0.4681,-0.6225,1.8748,0.5,-0.6842,-0.6176,1.7975,0.5,-0.63,-0.6465,1.754,0.5,-0.7298,-0.5643,1.7216,0.5,-0.7278,-0.5629,1.7303,1,-0.5156,-0.5931,2.1012,1,-0.505,-0.6271,2.109,1,-0.5464,-0.7064,2.1519,1,-0.4384,-0.6634,2.0904,0.5,-0.8079,-0.8639,1.9654,1,-0.5653,-0.6271,1.812,0.5,-1.0604,-1.0159,1.7765,0.5,-0.3277,-0.7368,2.0869,0.5,-1.1116,-1.0448,1.7107,1,-0.4244,-0.7482,2.0584
2515181178,1,-0.6446,-0.2538,1.9637,1,-0.5583,-0.4116,2.0569,1,-0.6694,-0.501,2.1709,1,-0.4387,-0.4681,2.0056,0.5,-0.7541,-0.6736,2.0218,0.5,-0.4668,-0.6227,1.8766,0.5,-0.6671,-0.6243,1.8024,0.5,-0.6322,-0.6368,1.7551,0.5,-0.7298,-0.5643,1.7216,0.5,-0.7277,-0.563,1.7303,1,-0.5233,-0.6044,2.1143,1,-0.519,-0.647,2.1326,1,-0.5602,-0.7187,2.1726,1,-0.4616,-0.6932,2.1295,1,-0.7917,-0.7845,1.9846,1,-0.5546,-0.6303,1.8347,0.5,-1.0943,-0.8705,1.7329,1,-0.3149,-0.7384,2.1087,0.5,-1.1454,-0.8967,1.6659,1,-0.4104,-0.7492,2.0762
2515181181,1,-0.645,-0.2488,1.963,1,-0.5579,-0.4104,2.0566,1,-0.6697,-0.4987,2.1715,1,-0.4386,-0.4681,2.0056,0.5,-0.7537,-0.6719,2.0228,0.5,-0.4756,-0.6179,1.8696,0.5,-0.6658,-0.6233,1.8036,0.5,-0.6322,-0.6356,1.7554,0.5,-0.73,-0.5641,1.7219,0.5,-0.7276,-0.563,1.7304,1,-0.5189,-0.5969,2.1039,1,-0.51,-0.6324,2.1119,1,-0.5513,-0.7061,2.1526,1,-0.4403,-0.6683,2.0853,0.5,-0.8087,-0.8675,1.9629,1,-0.567,-0.6253,1.8073,0.5,-1.0572,-1.0233,1.771,1,-0.3278,-0.7336,2.0819,0.5,-1.1085,-1.0517,1.7051,1,-0.4245,-0.7459,2.0537
2515181185,1,-0.6427,-0.249,1.963,1,-0.5572,-0.4097,2.0564,1,-0.6697,-0.4989,2.1717,1,-0.4386,-0.4682,2.0054,0.5,-0.7537,-0.672,2.0228,0.5,-0.4912,-0.6385,1.8615,0.5,-0.667,-0.6238,1.8031,0.5,-0.6332,-0.6336,1.7551,0.5,-0.7301,-0.5641,1.722,0.5,-0.728,-0.5628,1.7302,1,-0.5214,-0.6014,2.1079,1,-0.5155,-0.6419,2.1211,1,-0.5569,-0.7122,2.1581,1,-0.4614,-0.6892,2.121,1,-0.7998,-0.7912,1.9913,1,-0.5545,-0.6294,1.833,0.5,-1.1175,-0.8946,1.7675,0.5,-0.3155,-0.7371,2.1082,0.5,-1.1703,-0.9198,1.7015,1,-0.4109,-0.7483,2.0757
2515181188,1,-0.6403,-0.247,1.9635,1,-0.5571,-0.4097,2.0565,1,-0.6691,-0.4987,2.1706,1,-0.4385,-0.4682,2.0054,0.5,-0.7534,-0.6721,2.0223,0.5,-0.4839,-0.6259,1.8631,0.5,-0.6749,-0.623,1.7996,0.5,-0.6318,-0.6324,1.7561,0.5,-0.7272,-0.5652,1.7241,0.5,-0.7258,-0.5647,1.7307,1,-0.5224,-0.6036,2.1094,1,-0.5165,-0.6441,2.1225,1,-0.558,-0.7146,2.1595,1,-0.4614,-0.6893,2.1208,1,-0.8002,-0.7911,1.9907,1,-0.5547,-0.6294,1.833,0.5,-1.1172,-0.8912,1.764,0.5,-0.3155,-0.7358,2.1088,0.5,-1.1698,-0.9162,1.6977,1,-0.4109,-0.7473,2.0763
2515181191,1,-0.64,-0.2472,1.9634,1,-0.5571,-0.4097,2.0566,1,-0.6687,-0.498,2.1696,1,-0.4384,-0.4684,2.0052,0.5,-0.7534,-0.6717,2.0219,0.5,-0.485,-0.6221,1.8641,0.5,-0.6783,-0.6201,1.7985,0.5,-0.6316,-0.6318,1.7561,0.5,-0.7274,-0.5652,1.7235,0.5,-0.726,-0.5646,1.7307,1,-0.5244,-0.6056,2.1096,1,-0.5187,-0.6461,2.1226,1,-0.5607,-0.7163,2.1593,1,-0.4631,-0.6902,2.1187,1,-0.8028,-0.7914,1.9902,1,-0.5554,-0.629,1.8312,0.5,-1.1202,-0.8899,1.7629,1,-0.3137,-0.7371,2.1045,0.5,-1.1729,-0.9144,1.6965,1,-0.4094,-0.7484,2.073
2515181194,1,-0.6398,-0.2475,1.9635,1,-0.5571,-0.4097,2.0568,1,-0.6686,-0.4981,2.1695,1,-0.4384,-0.4683,2.0052,0.5,-0.7534,-0.6717,2.0218,0.5,-0.4844,-0.6219,1.8637,0.5,-0.6766,-0.6228,1.7984,0.5,-0.6266,-0.6437,1.7541,0.5,-0.7274,-0.5653,1.7235,0.5,-0.7253,-0.5656,1.7311,1,-0.5208,-0.6038,2.1027,1,-0.5127,-0.6427,2.1115,1,-0.5539,-0.714,2.1465,1,-0.4435,-0.6796,2.0855,1,-0.8042,-0.7916,1.9908,1,-0.5666,-0.6243,1.8084,0.5,-1.1318,-0.893,1.7811,0.5,-0.3233,-0.7322,2.0807,0.5,-1.1855,-0.9163,1.7151,1,-0.4201,-0.745,2.053
2515181197,1,-0.639,-0.2496,1.964,1,-0.5588,-0.4159,2.059,0.5,-0.6697,-0.5045,2.1702,1,-0.4383,-0.4685,2.0051,0.5,-0.7549,-0.6764,2.0204,0.5,-0.4659,-0.6225,1.876,0.5,-0.6756,-0.6226,1.799,0.5,-0.6251,-0.6465,1.7537,0.5,-0.7277,-0.5651,1.7235,0.5,-0.7233,-0.5685,1.732,1,-0.5213,-0.6061,2.1028,1,-0.5132,-0.6445,2.1119,1,-0.5544,-0.7178,2.1474,1,-0.4465,-0.6835,2.0905,1,-0.804,-0.7908,1.9886,1,-0.5649,-0.625,1.812,0.5,-1.1311,-0.8864,1.7747,0.5,-0.3204,-0.7331,2.0836,0.5,-1.1844,-0.9095,1.7083,1,-0.4172,-0.7457,2.0556
2515181202,1,-0.6397,-0.2496,1.9633,1,-0.5587,-0.4159,2.0589,1,-0.6696,-0.504,2.1702,1,-0.4381,-0.4686,2.005,0.5,-0.7549,-0.6758,2.0205,0.5,-0.4648,-0.6228,1.8766,0.5,-0.6878,-0.6159,1.7965,0.5,-0.6283,-0.6365,1.7553,0.5,-0.7277,-0.5652,1.7232,0.5,-0.726,-0.5666,1.731,1,-0.5199,-0.6038,2.0985,1,-0.5118,-0.6415,2.1072,1,-0.5533,-0.7167,2.1459,1,-0.4452,-0.6812,2.0844,0.5,-0.8179,-0.8669,1.9567,1,-0.5677,-0.6241,1.807,0.5,-1.074,-1.0122,1.7649,0.5,-0.3224,-0.7323,2.078,0.5,-1.1259,-1.038,1.6984,1,-0.4194,-0.7452,2.0511
2515181205,1,-0.6389,-0.2503,1.9635,1,-0.5582,-0.4155,2.0588,1,-0.6695,-0.5039,2.1703,1,-0.4379,-0.4686,2.0049,0.5,-0.7548,-0.6757,2.0205,0.5,-0.4806,-0.6124,1.8743,0.5,-0.6804,-0.6202,1.7977,0.5,-0.6276,-0.644,1.7545,0.5,-0.7277,-0.5652,1.7234,0.5,-0.7269,-0.5657,1.7306,1,-0.5179,-0.6039,2.097,1,-0.5096,-0.6417,2.1056,1,-0.5509,-0.7161,2.1426,1,-0.443,-0.6814,2.084,0.5,-0.8194,-0.8671,1.9589,1,-0.5679,-0.6241,1.8073,0.5,-1.079,-1.0131,1.7725,0.5,-0.322,-0.7319,2.0782,0.5,-1.1312,-1.0388,1.7061,1,-0.4189,-0.7449,2.0511
2515181208,1,-0.6392,-0.2505,1.9635,1,-0.558,-0.4153,2.0587,1,-0.6692,-0.5023,2.17,1,-0.4378,-0.4686,2.0049,0.5,-0.7547,-0.6746,2.0209,0.5,-0.4828,-0.6125,1.8721,0.5,-0.6787,-0.6193,1.7986,0.5,-0.6301,-0.6366,1.7554,0.5,-0.7277,-0.5652,1.7236,0.5,-0.7275,-0.5652,1.7305,1,-0.5258,-0.6104,2.11,1,-0.522,-0.6517,2.1263,1,-0.5651,-0.7215,2.1638,1,-0.4698,-0.6982,2.1272,0.5,-0.8131,-0.8651,1.9457,1,-0.5545,-0.6303,1.8362,0.5,-1.0525,-1.0037,1.7263,0.5,-0.3078,-0.7381,2.1067,0.5,-1.1027,-1.0308,1.659,1,-0.4035,-0.7493,2.075
2515181211,1,-0.6396,-0.2504,1.9635,1,-0.5568,-0.4136,2.0578,1,-0.6685,-0.5009,2.1691,1,-0.4378,-0.4686,2.0049,0.5,-0.7542,-0.6738,2.0208,0.5,-0.4859,-0.6118,1.8708,0.5,-0.68,-0.6182,1.798,0.5,-0.6303,-0.6356,1.7557,0.5,-0.7286,-0.5647,1.7233,0.5,-0.7292,-0.5641,1.7292,1,-0.5191,-0.603,2.0958,1,-0.5102,-0.6396,2.1015,1,-0.554,-0.7147,2.1402,1,-0.4409,-0.6738,2.0725,0.5,-0.8243,-0.8686,1.9597,1,-0.5739,-0.6229,1.7973,0.5,-1.0852,-1.0171,1.7767,1,-0.333,-0.7261,2.0747,0.5,-1.1378,-1.042,1.7104,1,-0.4299,-0.7406,2.0479
2515181214,1,-0.64,-0.2513,1.9639,1,-0.5554,-0.4122,2.0577,1,-0.6632,-0.4946,2.1596,1,-0.4376,-0.4685,2.0049,0.5,-0.7515,-0.6707,2.0175,0.5,-0.4861,-0.6118,1.8701,0.5,-0.6788,-0.6171,1.7937,0.5,-0.6478,-0.6245,1.7526,0.5,-0.7286,-0.5648,1.7231,0.5,-0.7293,-0.5639,1.7295,1,-0.5166,-0.6017,2.0933,1,-0.5085,-0.6389,2.1,1,-0.5512,-0.713,2.1359,1,-0.4404,-0.6734,2.0729,0.5,-0.8283,-0.8641,1.9632,1,-0.5739,-0.623,1.7975,0.5,-1.0956,-1.0098,1.7878,1,-0.3326,-0.7275,2.0742,0.5,-1.1482,-1.0342,1.7212,1,-0.4295,-0.7417,2.0477
2515181219,1,-0.6399,-0.2514,1.9645,1,-0.5553,-0.412,2.0577,1,-0.6651,-0.4937,2.1629,1,-0.4375,-0.4684,2.0049,0.5,-0.7519,-0.6694,2.0193,0.5,-0.4871,-0.6131,1.8683,0.5,-0.6769,-0.6167,1.7961,0.5,-0.6439,-0.6251,1.7531,0.5,-0.7288,-0.5646,1.7233,0.5,-0.7296,-0.5636,1.7296,1,-0.5189,-0.6046,2.0954,1,-0.5124,-0.6443,2.1045,1,-0.5568,-0.7198,2.1407,1,-0.4505,-0.6841,2.0886,0.5,-0.8373,-0.8401,1.9485,1,-0.567,-0.6239,1.807,0.5,-1.1076,-0.9561,1.7544,0.5,-0.3249,-0.729,2.0832,0.5,-1.1603,-0.9788,1.6873,1,-0.4216,-0.7426,2.0552
2515181222,1,-0.6396,-0.2522,1.9653,1,-0.5551,-0.4117,2.0575,1,-0.6657,-0.4947,2.1641,1,-0.4374,-0.4684,2.0047,0.5,-0.7522,-0.6699,2.0196,0.5,-0.4872,-0.6131,1.8682,0.5,-0.6789,-0.6167,1.796,0.5,-0.6396,-0.6252,1.7542,0.5,-0.7288,-0.5647,1.723,0.5,-0.7296,-0.5635,1.7296,1,-0.5181,-0.6041,2.0947,1,-0.5112,-0.6435,2.1037,1,-0.5554,-0.7189,2.1394,1,-0.4469,-0.6818,2.0868,0.5,-0.8493,-0.8081,1.9508,1,-0.5678,-0.6241,1.8068,0.5,-1.1328,-0.8942,1.76,0.5,-0.3255,-0.7293,2.0831,0.5,-1.1864,-0.9154,1.6932,0.5,-0.4222,-0.7426,2.0552
2515181225,1,-0.6394,-0.2519,1.9651,1,-0.5546,-0.411,2.0572,1,-0.6657,-0.4947,2.164,1,-0.4373,-0.4684,2.0047,0.5,-0.7521,-0.6699,2.0195,0.5,-0.4546,-0.6139,1.8893,0.5,-0.6773,-0.6163,1.7965,0.5,-0.6473,-0.6217,1.7521,0.5,-0.7291,-0.5645,1.7232,0.5,-0.73,-0.5633,1.7296,1,-0.5254,-0.6093,2.1064,1,-0.5222,-0.6513,2.1217,1,-0.5664,-0.7211,2.1603,1,-0.4715,-0.6978,2.1187,0.5,-0.8437,-0.8063,1.9457,1,-0.5571,-0.6284,1.8283,0.5,-1.1114,-0.8886,1.7296,0.5,-0.3146,-0.7336,2.1046,0.5,-1.1634,-0.9113,1.662,1,-0.4104,-0.7457,2.0733
2515181228,1,-0.6391,-0.2518,1.965,1,-0.5542,-0.4107,2.0569,1,-0.6658,-0.4952,2.1643,1,-0.4373,-0.4683,2.0047,0.5,-0.7522,-0.6701,2.0194,0.5,-0.4709,-0.6094,1.8755,0.5,-0.679,-0.6177,1.7956,0.5,-0.662,-0.6101,1.7484,0.5,-0.7291,-0.5645,1.7232,0.5,-0.7281,-0.5646,1.7302,1,-0.5203,-0.6043,2.0992,1,-0.5127,-0.642,2.1081,1,-0.5556,-0.7161,2.1479,1,-0.4432,-0.6757,2.0782,0.5,-0.8439,-0.8065,1.952,1,-0.5715,-0.6235,1.8009,0.5,-1.1227,-0.8939,1.7539,0.5,-0.3288,-0.7288,2.0773,0.5,-1.1757,-0.9159,1.6868,1,-0.4258,-0.7424,2.0505
2515181231,1,-0.6379,-0.251,1.9641,1,-0.5541,-0.4105,2.0568,1,-0.6658,-0.495,2.1641,1,-0.4371,-0.4687,2.0043,0.5,-0.7521,-0.6701,2.0194,0.5,-0.4607,-0.6143,1.8836,0.5,-0.6798,-0.6171,1.7954,0.5,-0.6397,-0.622,1.7547,0.5,-0.7289,-0.5646,1.7234,0.5,-0.7268,-0.5654,1.7309,1,-0.5188,-0.6038,2.0984,1,-0.5111,-0.6417,2.1075,1,-0.5538,-0.7158,2.1468,1,-0.4422,-0.6759,2.0802,0.5,-0.8422,-0.8131,1.9549,1,-0.5705,-0.624,1.8031,0.5,-1.1214,-0.9074,1.7605,0.5,-0.3276,-0.7297,2.0794,0.5,-1.1744,-0.9299,1.6937,1,-0.4245,-0.7433,2.0526
2515181235,1,-0.6375,-0.2511,1.964,1,-0.5567,-0.4155,2.0575,1,-0.6663,-0.4969,2.1651,1,-0.437,-0.4689,2.0041,0.5,-0.7526,-0.671,2.0192,0.5,-0.4838,-0.6146,1.8688,0.5,-0.676,-0.6218,1.7958,0.5,-0.662,-0.6101,1.748,0.5,-0.7289,-0.5645,1.7234,0.5,-0.7279,-0.5644,1.7302,1,-0.5251,-0.6143,2.1078,1,-0.5193,-0.6548,2.1211,1,-0.5654,-0.7291,2.1631,1,-0.4581,-0.7026,2.1154,0.5,-0.8453,-0.8065,1.95,1,-0.5565,-0.629,1.831,0.5,-1.1164,-0.8814,1.7348,0.5,-0.3134,-0.7362,2.1069,0.5,-1.1685,-0.9043,1.6673,1,-0.4093,-0.7479,2.0756
2515181238,1,-0.6371,-0.2505,1.9636,1,-0.5552,-0.4142,2.057,1,-0.6665,-0.4971,2.1654,1,-0.4369,-0.4689,2.0041,0.5,-0.7526,-0.6711,2.0192,0.5,-0.4553,-0.6165,1.8891,0.5,-0.6752,-0.6203,1.7966,0.5,-0.6515,-0.6113,1.7546,0.5,-0.7293,-0.5642,1.7235,0.5,-0.7286,-0.5637,1.7299,1,-0.5274,-0.6134,2.1108,1,-0.523,-0.6537,2.1253,1,-0.5719,-0.7243,2.1689,1,-0.4627,-0.701,2.1179,0.5,-0.8407,-0.8088,1.9445,1,-0.5561,-0.6292,1.8315,0.5,-1.1014,-0.8907,1.7181,0.5,-0.313,-0.7364,2.1075,0.5,-1.1527,-0.9141,1.6502,1,-0.3826,-0.7069,2.0398
2515181241,1,-0.6364,-0.2502,1.9634,1,-0.555,-0.4139,2.0571,1,-0.6665,-0.4966,2.1655,1,-0.4368,-0.4688,2.0041,0.5,-0.7524,-0.6707,2.0193,0.5,-0.455,-0.617,1.8893,0.5,-0.6778,-0.6185,1.796,0.5,-0.64,-0.6219,1.755,0.5,-0.729,-0.5642,1.7239,0.5,-0.7286,-0.5636,1.7299,1,-0.5282,-0.6135,2.1116,1,-0.5238,-0.6539,2.1259,1,-0.572,-0.724,2.1689,1,-0.4648,-0.7008,2.1184,0.5,-0.8402,-0.8132,1.9459,1,-0.5559,-0.6286,1.8316,0.5,-1.1005,-0.8998,1.7208,1,-0.3529,-0.8174,2.0968,0.5,-1.1519,-0.9235,1.6531,1,-0.4188,-0.773,2.0336
2515181244,1,-0.6365,-0.2502,1.9629,1,-0.5549,-0.4137,2.057,1,-0.6666,-0.4969,2.1656,1,-0.4368,-0.4687,2.0042,0.5,-0.7527,-0.6708,2.0192,0.5,-0.4565,-0.6184,1.8876,0.5,-0.6828,-0.6136,1.7956,0.5,-0.6479,-0.6187,1.7525,0.5,-0.729,-0.5641,1.724,0.5,-0.727,-0.5648,1.7306,1,-0.5286,-0.6131,2.1121,1,-0.5242,-0.6534,2.1264,1,-0.5719,-0.7236,2.1691,1,-0.4657,-0.6994,2.1186,0.5,-0.8418,-0.8107,1.9477,1,-0.5562,-0.6286,1.8313,0.5,-1.1039,-0.8954,1.724,0.5,-0.3523,-0.8149,2.0979,0.5,-1.1553,-0.9191,1.6563,1,-0.4485,-0.8103,2.0656
2515181249,1,-0.6356,-0.2489,1.9645,1,-0.5545,-0.4127,2.0567,1,-0.6662,-0.4965,2.1649,1,-0.4366,-0.4686,2.0043,0.5,-0.7525,-0.6707,2.0192,0.5,-0.4842,-0.6163,1.8685,0.5,-0.6829,-0.6137,1.7955,0.5,-0.6435,-0.6211,1.7538,0.5,-0.7275,-0.5646,1.7253,0.5,-0.7277,-0.5642,1.7304,1,-0.5299,-0.6128,2.1142,1,-0.5258,-0.6532,2.1291,1,-0.5729,-0.7224,2.1709,1,-0.4685,-0.6986,2.1218,0.5,-0.8431,-0.808,1.9496,1,-0.5555,-0.6292,1.8333,0.5,-1.1058,-0.8912,1.7258,1,-0.3022,-0.7443,2.0981,0.5,-1.1571,-0.9151,1.6581,1,-0.3988,-0.7546,2.0684
2515181252,1,-0.6372,-0.2497,1.964,1,-0.5547,-0.4127,2.0568,1,-0.6663,-0.4962,2.165,1,-0.4364,-0.469,2.0042,0.5,-0.7526,-0.6705,2.0194,0.5,-0.4564,-0.617,1.8868,0.5,-0.6846,-0.6125,1.7954,0.5,-0.6459,-0.6205,1.753,0.5,-0.7283,-0.5641,1.7252,0.5,-0.7289,-0.5632,1.7299,1,-0.5298,-0.6129,2.1164,1,-0.5254,-0.6533,2.1315,1,-0.5713,-0.7229,2.1742,1,-0.4679,-0.6981,2.1237,0.5,-0.8369,-0.8123,1.9492,1,-0.5548,-0.6297,1.8351,0.5,-1.0955,-0.8993,1.7215,0.5,-0.3015,-0.7448,2.1001,0.5,-1.1464,-0.924,1.6538,1,-0.375,-0.7139,2.0373
2515181255,1,-0.6377,-0.2494,1.9644,1,-0.5551,-0.4125,2.0569,0.5,-0.6666,-0.4955,2.1651,1,-0.4364,-0.4689,2.0043,0.5,-0.7527,-0.67,2.0196,0.5,-0.485,-0.6135,1.8694,0.5,-0.6985,-0.6063,1.7933,0.5,-0.6586,-0.6121,1.7492,0.5,-0.7283,-0.5641,1.7252,0.5,-0.7294,-0.5629,1.7297,1,-0.5299,-0.613,2.1165,1,-0.5254,-0.6533,2.1315,1,-0.5712,-0.7228,2.1741,1,-0.4679,-0.6981,2.1237,0.5,-0.8367,-0.8126,1.9495,1,-0.5548,-0.6298,1.8353,0.5,-1.0955,-0.9001,1.722,0.5,-0.3013,-0.7451,2.1002,0.5,-1.1463,-0.9249,1.6542,1,-0.3256,-0.7161,2.006
2515181258,1,-0.6384,-0.2504,1.9648,1,-0.5551,-0.4125,2.057,1,-0.6667,-0.4956,2.1652,1,-0.4363,-0.4689,2.0042,0.5,-0.7527,-0.67,2.0196,0.5,-0.4696,-0.6195,1.8747,0.5,-0.6961,-0.607,1.7937,0.5,-0.6581,-0.6129,1.7492,0.5,-0.7288,-0.5639,1.7251,0.5,-0.7298,-0.5627,1.7294,1,-0.5301,-0.6133,2.1165,1,-0.5256,-0.6537,2.1314,1,-0.5713,-0.7232,2.1732,1,-0.4681,-0.6984,2.1233,0.5,-0.8414,-0.8077,1.9524,1,-0.5548,-0.6298,1.8351,0.5,-1.1047,-0.8902,1.7283,0.5,-0.3012,-0.7448,2.1003,0.5,-1.1559,-0.9146,1.6607,1,-0.3743,-0.7144,2.0367
2515181261,1,-0.6393,-0.2509,1.9649,1,-0.5557,-0.4141,2.0574,1,-0.6675,-0.4957,2.1668,1,-0.4363,-0.4689,2.0043,0.5,-0.753,-0.6698,2.0203,0.5,-0.457,-0.6177,1.8865,0.5,-0.6919,-0.6096,1.7948,0.5,-0.6436,-0.6209,1.7526,0.5,-0.7288,-0.5639,1.725,0.5,-0.7307,-0.5623,1.729,1,-0.5277,-0.6122,2.1122,1,-0.5214,-0.6512,2.124,1,-0.5629,-0.7229,2.1628,1,-0.4596,-0.6917,2.1078,0.5,-0.8152,-0.8604,1.9472,1,-0.5595,-0.6269,1.8227,0.5,-1.061,-0.9944,1.7285,1,-0.3524,-0.8145,2.087,0.5,-1.1116,-1.0208,1.6611,1,-0.4489,-0.8095,2.0559
2515181264,1,-0.6394,-0.2512,1.9651,1,-0.5546,-0.4129,2.0572,1,-0.6668,-0.4927,2.1653,1,-0.4361,-0.4682,2.0045,0.5,-0.7523,-0.6678,2.0203,0.5,-0.4533,-0.6118,1.8905,0.5,-0.6905,-0.6102,1.7943,0.5,-0.647,-0.6196,1.7522,0.5,-0.7277,-0.5645,1.7255,0.5,-0.7306,-0.5623,1.729,1,-0.5206,-0.605,2.0987,1,-0.5133,-0.643,2.107,1,-0.5559,-0.7154,2.1431,1,-0.449,-0.6815,2.0854,0.5,-0.8464,-0.8042,1.9528,1,-0.5678,-0.6237,1.8064,0.5,-1.1296,-0.8907,1.7587,0.5,-0.3606,-0.8113,2.0708,0.5,-1.183,-0.9124,1.6918,1,-0.458,-0.807,2.0425
2515181269,1,-0.6396,-0.2508,1.9657,1,-0.5547,-0.4123,2.0572,0.5,-0.6675,-0.4909,2.1645,1,-0.4361,-0.4679,2.0046,0.5,-0.75,-0.669,2.0216,0.5,-0.453,-0.6125,1.8913,0.5,-0.6801,-0.6133,1.7976,0.5,-0.649,-0.612,1.7564,0.5,-0.7277,-0.5646,1.7254,0.5,-0.7307,-0.5622,1.7289,1,-0.5255,-0.608,2.1025,1,-0.5211,-0.6484,2.1141,1,-0.5673,-0.7215,2.1514,1,-0.4642,-0.6907,2.1033,0.5,-0.8494,-0.804,1.946,1,-0.5611,-0.6257,1.8175,0.5,-1.1247,-0.8846,1.7368,1,-0.3103,-0.7353,2.0878,0.5,-1.1773,-0.9059,1.6692,1,-0.4069,-0.7473,2.0588
2515181272,1,-0.6397,-0.2506,1.9659,1,-0.5542,-0.4117,2.0569,1,-0.6675,-0.4913,2.1649,1,-0.436,-0.4679,2.0046,0.5,-0.7504,-0.6689,2.0216,0.5,-0.4528,-0.6128,1.8913,0.5,-0.6805,-0.614,1.7974,0.5,-0.6487,-0.6126,1.7563,0.5,-0.7277,-0.5646,1.7255,0.5,-0.7305,-0.5621,1.7292,1,-0.521,-0.6033,2.0967,1,-0.5143,-0.6414,2.1056,1,-0.5607,-0.7171,2.1445,1,-0.445,-0.676,2.0811,0.5,-0.8492,-0.8044,1.9511,1,-0.5697,-0.6239,1.8041,0.5,-1.131,-0.8897,1.7536,0.5,-0.3198,-0.7358,2.0744,0.5,-1.1842,-0.9109,1.6864,1,-0.3917,-0.7046,2.0099
2515181275,1,-0.6398,-0.2509,1.9661,1,-0.5542,-0.4116,2.0569,1,-0.6676,-0.4925,2.166,1,-0.4355,-0.4686,2.0041,0.5,-0.7509,-0.6693,2.0219,0.5,-0.4526,-0.6129,1.8912,0.5,-0.6834,-0.6126,1.7974,0.5,-0.6488,-0.6106,1.7567,0.5,-0.7279,-0.5644,1.7254,0.5,-0.7307,-0.562,1.7291,1,-0.5261,-0.6086,2.1103,1,-0.5219,-0.6494,2.1264,1,-0.567,-0.7218,2.1677,1,-0.4672,-0.6971,2.1267,1,-0.8027,-0.788,1.9852,1,-0.5542,-0.6303,1.837,0.5,-1.1146,-0.8756,1.7382,0.5,-0.3049,-0.7438,2.1074,0.5,-1.1665,-0.8993,1.6708,1,-0.4012,-0.7535,2.077
2515181278,1,-0.6407,-0.249,1.9671,1,-0.5544,-0.4109,2.0572,1,-0.6668,-0.4918,2.1645,1,-0.4354,-0.4684,2.0043,0.5,-0.7507,-0.6689,2.0213,0.5,-0.4876,-0.6114,1.8714,0.5,-0.6797,-0.6129,1.7977,0.5,-0.64,-0.6207,1.7536,0.5,-0.7281,-0.5643,1.7255,0.5,-0.7308,-0.562,1.7291,1,-0.5263,-0.6089,2.1102,1,-0.522,-0.6499,2.1257,1,-0.5667,-0.7214,2.1654,1,-0.4666,-0.6968,2.1206,1,-0.8039,-0.788,1.9853,1,-0.5551,-0.6284,1.8334,0.5,-1.118,-0.8761,1.7413,0.5,-0.3056,-0.7433,2.1033,0.5,-1.17,-0.8995,1.6739,1,-0.3761,-0.712,2.0373
2515181281,1,-0.6407,-0.2489,1.9674,1,-0.554,-0.4101,2.0567,1,-0.666,-0.4895,2.1631,1,-0.4355,-0.4678,2.0045,0.5,-0.7502,-0.6674,2.0211,0.5,-0.4591,-0.6242,1.8863,0.5,-0.6755,-0.6187,1.7971,0.5,-0.6464,-0.6184,1.7521,0.5,-0.728,-0.5644,1.7258,0.5,-0.7303,-0.5621,1.7297,1,-0.5258,-0.6084,2.108,1,-0.5208,-0.6491,2.1214,1,-0.5644,-0.7198,2.1598,1,-0.4635,-0.6927,2.1072,1,-0.8048,-0.7885,1.9854,1,-0.559,-0.6259,1.8221,0.5,-1.1234,-0.8794,1.7487,0.5,-0.3099,-0.7414,2.0923,0.5,-1.1758,-0.9022,1.6813,1,-0.3811,-0.7099,2.0271
2515181285,1,-0.6397,-0.2487,1.9676,1,-0.552,-0.4071,2.0563,1,-0.6658,-0.4886,2.1625,1,-0.4355,-0.4678,2.0046,0.5,-0.7469,-0.6703,2.024,0.5,-0.4783,-0.6097,1.8756,0.5,-0.6649,-0.6216,1.8026,0.5,-0.6555,-0.6123,1.7508,0.5,-0.7286,-0.5641,1.7258,0.5,-0.7301,-0.5621,1.7298,1,-0.5264,-0.6086,2.1086,1,-0.522,-0.6496,2.1221,1,-0.5657,-0.7201,2.1606,1,-0.4665,-0.6935,2.1093,1,-0.8074,-0.7874,1.9878,1,-0.5585,-0.6262,1.8232,0.5,-1.1281,-0.8767,1.7531,0.5,-0.3099,-0.7425,2.0937,0.5,-1.1806,-0.899,1.6857,1,-0.4071,-0.7529,2.0663
2515181288,1,-0.6397,-0.2483,1.9682,1,-0.552,-0.4069,2.0563,1,-0.6657,-0.4873,2.1629,1,-0.4354,-0.4678,2.0046,0.5,-0.7481,-0.6683,2.0243,0.5,-0.4805,-0.6111,1.8716,0.5,-0.6661,-0.6214,1.8026,0.5,-0.6456,-0.6191,1.7532,0.5,-0.7274,-0.5645,1.7268,0.5,-0.7299,-0.562,1.73,1,-0.5262,-0.6076,2.1069,1,-0.5214,-0.648,2.1193,1,-0.5644,-0.7188,2.1587,1,-0.4655,-0.6915,2.1032,1,-0.8069,-0.7883,1.9883,1,-0.5605,-0.6251,1.8181,0.5,-1.1288,-0.8807,1.7565,1,-0.3118,-0.7356,2.0911,0.5,-1.1816,-0.9027,1.6892,1,-0.4086,-0.7475,2.0629
2515181291,1,-0.6397,-0.2466,1.9686,1,-0.5521,-0.4065,2.0562,1,-0.6657,-0.4873,2.163,1,-0.4353,-0.4676,2.0047,0.5,-0.749,-0.6674,2.0238,0.5,-0.4787,-0.614,1.8679,0.5,-0.6674,-0.6199,1.802,0.5,-0.6426,-0.6206,1.7537,0.5,-0.7274,-0.5645,1.7268,0.5,-0.7256,-0.5674,1.7318,1,-0.5256,-0.6073,2.1047,1,-0.5205,-0.6477,2.1161,1,-0.5629,-0.7192,2.1547,1,-0.464,-0.6905,2.0988,1,-0.8077,-0.7891,1.9883,1,-0.5616,-0.6245,1.8148,0.5,-1.1331,-0.8819,1.7617,0.5,-0.3131,-0.7324,2.089,0.5,-1.1862,-0.9034,1.6945,1,-0.3844,-0.7026,2.0232
2515181296,1,-0.64,-0.2467,1.9687,1,-0.552,-0.4065,2.0562,1,-0.6647,-0.4859,2.1615,1,-0.4353,-0.4676,2.0046,0.5,-0.7487,-0.6664,2.0233,0.5,-0.4817,-0.6122,1.8678,0.5,-0.6657,-0.6204,1.8017,0.5,-0.6473,-0.6194,1.7516,0.5,-0.7276,-0.5644,1.7267,0.5,-0.7269,-0.5659,1.7313,1,-0.5275,-0.6088,2.1069,1,-0.5233,-0.6499,2.1195,1,-0.5663,-0.7198,2.1578,1,-0.4689,-0.6939,2.1066,0.5,-0.8451,-0.8106,1.9542,1,-0.5589,-0.6259,1.8207,0.5,-1.1192,-0.9,1.7454,1,-0.3107,-0.734,2.0953,0.5,-1.1716,-0.9221,1.6779,1,-0.4069,-0.7472,2.0658
2515181299,1,-0.6399,-0.2444,1.9698,1,-0.5518,-0.4053,2.056,1,-0.6648,-0.4857,2.1618,1,-0.4353,-0.4675,2.0047,0.5,-0.7488,-0.6661,2.0235,0.5,-0.4824,-0.6131,1.8671,0.5,-0.6665,-0.6206,1.8015,0.5,-0.6589,-0.6105,1.7491,0.5,-0.7277,-0.5644,1.7267,0.5,-0.7272,-0.5655,1.7317,1,-0.5273,-0.6082,2.1062,1,-0.5229,-0.6492,2.1186,1,-0.5657,-0.7192,2.1563,1,-0.4681,-0.6924,2.1053,0.5,-0.8456,-0.8083,1.9539,1,-0.5594,-0.6248,1.8198,0.5,-1.121,-0.896,1.7461,1,-0.3109,-0.7338,2.0942,0.5,-1.1736,-0.9179,1.6786,1,-0.3821,-0.7041,2.0281
2515181302,1,-0.64,-0.2444,1.9697,1,-0.5516,-0.4049,2.056,1,-0.6656,-0.4848,2.164,1,-0.4352,-0.4675,2.0046,0.5,-0.7489,-0.6646,2.0243,0.5,-0.4511,-0.6092,1.891,0.5,-0.6671,-0.6205,1.802,0.5,-0.6384,-0.6213,1.7541,0.5,-0.7277,-0.5644,1.7267,0.5,-0.7265,-0.566,1.7321,1,-0.5213,-0.6006,2.0955,1,-0.5143,-0.6385,2.1029,1,-0.5588,-0.7124,2.1409,1,-0.4475,-0.6755,2.0762,0.5,-0.8491,-0.8094,1.9577,1,-0.5705,-0.6219,1.7998,0.5,-1.1345,-0.9048,1.7689,1,-0.3263,-0.7254,2.0799,0.5,-1.1884,-0.9255,1.7022,1,-0.3487,-0.6976,1.9849
2515181305,1,-0.6385,-0.2427,1.9692,1,-0.5517,-0.4055,2.0563,1,-0.6658,-0.4858,2.1648,1,-0.4352,-0.4675,2.0047,0.5,-0.7493,-0.6648,2.0242,0.5,-0.479,-0.6292,1.8583,0.5,-0.6745,-0.6176,1.7999,0.5,-0.6243,-0.6474,1.7521,0.5,-0.7278,-0.5644,1.7267,0.5,-0.7258,-0.5666,1.7324,1,-0.527,-0.6065,2.1042,1,-0.5234,-0.6477,2.1176,1,-0.567,-0.7178,2.154,1,-0.4736,-0.6969,2.1162,0.5,-0.8481,-0.8068,1.9529,1,-0.5556,-0.6271,1.8282,0.5,-1.1248,-0.8945,1.7464,0.5,-0.3127,-0.7288,2.1102,0.5,-1.1779,-0.916,1.6792,1,-0.4085,-0.7421,2.0792
2515181308,1,-0.6399,-0.244,1.9699,1,-0.5509,-0.4051,2.0557,1,-0.6662,-0.486,2.1657,1,-0.4352,-0.4675,2.0046,0.5,-0.75,-0.664,2.0238,0.5,-0.4461,-0.6101,1.8916,0.5,-0.6744,-0.6172,1.7998,0.5,-0.6241,-0.6483,1.7518,0.5,-0.728,-0.5643,1.7268,0.5,-0.7271,-0.5654,1.732,1,-0.5219,-0.5985,2.0953,1,-0.5157,-0.6355,2.1038,1,-0.5619,-0.7132,2.1474,1,-0.4486,-0.67,2.0712,0.5,-0.8486,-0.807,1.9563,1,-0.5733,-0.6212,1.7945,0.5,-1.1305,-0.8993,1.7598,0.5,-0.3305,-0.7233,2.0766,0.5,-1.1843,-0.9199,1.6928,1,-0.4276,-0.7385,2.051
2515181311,1,-0.6408,-0.2453,1.9699,1,-0.551,-0.4053,2.0557,1,-0.6662,-0.4869,2.1659,1,-0.4352,-0.4675,2.0046,0.5,-0.7502,-0.6646,2.0236,0.5,-0.4898,-0.6109,1.8699,0.5,-0.6739,-0.618,1.7997,0.5,-0.6273,-0.6383,1.7538,0.5,-0.7282,-0.5642,1.7268,0.5,-0.7279,-0.5647,1.7318,1,-0.5286,-0.6059,2.1084,1,-0.5258,-0.6476,2.1247,1,-0.571,-0.7164,2.1624,1,-0.4715,-0.6972,2.1238,0.5,-0.8424,-0.8135,1.9513,1,-0.5529,-0.6284,1.8352,0.5,-1.1097,-0.909,1.7349,0.5,-0.3102,-0.7307,2.1176,0.5,-1.1619,-0.9322,1.6675,1,-0.3795,-0.7028,2.0488
2515181314,1,-0.6407,-0.2453,1.9699,1,-0.5521,-0.4061,2.0564,1,-0.6662,-0.487,2.1658,1,-0.4352,-0.4674,2.0047,0.5,-0.7504,-0.6644,2.0235,0.5,-0.4864,-0.6138,1.8676,0.5,-0.673,-0.6204,1.7995,0.5,-0.6258,-0.6432,1.7531,0.5,-0.7282,-0.5643,1.7268,0.5,-0.7269,-0.5657,1.732,1,-0.5289,-0.6066,2.1085,1,-0.5258,-0.6481,2.1243,1,-0.5706,-0.7172,2.162,1,-0.4704,-0.6962,2.1179,0.5,-0.8131,-0.8635,1.9431,1,-0.5547,-0.6272,1.8299,0.5,-1.0517,-1.0074,1.7193,0.5,-0.3127,-0.7284,2.1134,0.5,-1.1023,-1.033,1.6516,1,-0.4079,-0.7419,2.0806
2515181317,1,-0.6405,-0.2455,1.97,1,-0.5532,-0.4068,2.0567,1,-0.6666,-0.4903,2.1671,1,-0.4351,-0.4674,2.0048,0.5,-0.7511,-0.6666,2.0233,0.5,-0.4869,-0.6135,1.8675,0.5,-0.6734,-0.6205,1.7999,0.5,-0.6304,-0.6373,1.7534,0.5,-0.7285,-0.5642,1.7266,0.5,-0.728,-0.5651,1.7315,1,-0.5229,-0.6009,2.0965,1,-0.5136,-0.6368,2.1016,1,-0.556,-0.7133,2.1447,1,-0.4431,-0.6769,2.0663,1,-0.8062,-0.7922,1.9902,1,-0.575,-0.6199,1.7941,0.5,-1.1389,-0.8973,1.7792,0.5,-0.3335,-0.7211,2.0782,0.5,-1.1932,-0.9179,1.7126,1,-0.4301,-0.7369,2.0511
2515181321,1,-0.6399,-0.2473,1.9703,1,-0.5522,-0.4058,2.0568,1,-0.6669,-0.4896,2.168,1,-0.4349,-0.4674,2.0047,0.5,-0.751,-0.6659,2.024,0.5,-0.4833,-0.6158,1.8648,0.5,-0.6731,-0.6216,1.8002,0.5,-0.6486,-0.6233,1.7512,0.5,-0.7261,-0.5653,1.7276,0.5,-0.7253,-0.567,1.7322,1,-0.5233,-0.6012,2.0972,1,-0.5162,-0.6392,2.1051,1,-0.5584,-0.7141,2.1462,1,-0.461,-0.6856,2.0905,1,-0.8071,-0.792,1.9878,1,-0.5644,-0.6223,1.8068,0.5,-1.1375,-0.8955,1.7718,1,-0.3227,-0.7231,2.0911,0.5,-1.1917,-0.916,1.7052,1,-0.3955,-0.6955,2.0258
2515181325,1,-0.6396,-0.2468,1.9698,1,-0.5522,-0.4058,2.0568,1,-0.6677,-0.49,2.1699,1,-0.4349,-0.4674,2.0047,0.5,-0.7513,-0.6657,2.0247,0.5,-0.4603,-0.6204,1.8833,0.5,-0.6771,-0.6192,1.8001,0.5,-0.642,-0.6247,1.7536,0.5,-0.7264,-0.5653,1.7276,0.5,-0.7271,-0.5659,1.7319,1,-0.5234,-0.6031,2.1018,1,-0.517,-0.6427,2.1135,1,-0.5586,-0.7187,2.1569,1,-0.4611,-0.6873,2.0982,0.5,-0.8406,-0.8057,1.9537,1,-0.5615,-0.624,1.8136,0.5,-1.1177,-0.8913,1.7456,0.5,-0.3195,-0.7245,2.0979,0.5,-1.171,-0.9131,1.6786,1,-0.4156,-0.7386,2.0683
2515181328,1,-0.6397,-0.2469,1.97,1,-0.5523,-0.4058,2.0569,1,-0.6613,-0.488,2.1587,1,-0.4349,-0.4674,2.0048,0.5,-0.7495,-0.6658,2.0196,0.5,-0.4805,-0.6133,1.8726,0.5,-0.6746,-0.6177,1.7956,0.5,-0.6405,-0.625,1.7541,0.5,-0.7264,-0.5653,1.7276,0.5,-0.7278,-0.5654,1.7318,1,-0.52,-0.6006,2.0963,1,-0.5122,-0.6391,2.105,1,-0.5521,-0.7106,2.1414,1,-0.448,-0.6774,2.0795,0.5,-0.8434,-0.8071,1.958,1,-0.5692,-0.6223,1.8016,0.5,-1.13,-0.9021,1.769,1,-0.3282,-0.7225,2.087,0.5,-1.1833,-0.9235,1.7018,1,-0.4247,-0.7374,2.059
2515181331,1,-0.6394,-0.2417,1.9713,1,-0.5508,-0.4036,2.0561,1,-0.6609,-0.486,2.1581,1,-0.4346,-0.4673,2.0048,0.5,-0.7492,-0.6642,2.0197,0.5,-0.4556,-0.606,1.888,0.5,-0.673,-0.6197,1.7955,0.5,-0.6474,-0.6225,1.7523,0.5,-0.7276,-0.5649,1.7269,0.5,-0.7292,-0.5646,1.7306,1,-0.525,-0.6029,2.1054,1,-0.5219,-0.6442,2.121,1,-0.5668,-0.7109,2.1583,1,-0.4735,-0.6909,2.1242,0.5,-0.8422,-0.8072,1.9509,1,-0.5529,-0.628,1.8331,0.5,-1.1134,-0.9019,1.7383,0.5,-0.314,-0.7267,2.1208,0.5,-1.1651,-0.9249,1.6705,1,-0.4089,-0.7401,2.0871
2515181335,1,-0.6388,-0.2421,1.9706,1,-0.5513,-0.404,2.0561,1,-0.6621,-0.4869,2.1601,1,-0.4345,-0.4673,2.0048,0.5,-0.7496,-0.6646,2.0206,0.5,-0.489,-0.6132,1.8667,0.5,-0.6765,-0.618,1.7958,0.5,-0.6424,-0.6236,1.7531,0.5,-0.7276,-0.5649,1.7269,0.5,-0.7295,-0.5642,1.7303,1,-0.5262,-0.604,2.1072,1,-0.5225,-0.6449,2.122,1,-0.5676,-0.7135,2.1618,1,-0.4721,-0.6912,2.1214,0.5,-0.838,-0.813,1.9495,1,-0.5538,-0.6278,1.8313,0.5,-1.1044,-0.911,1.7318,0.5,-0.3151,-0.7265,2.1194,0.5,-1.1559,-0.9342,1.664,1,-0.4097,-0.7401,2.0852
2515181339,1,-0.6388,-0.245,1.9706,1,-0.5512,-0.4041,2.0562,1,-0.6634,-0.4884,2.163,1,-0.4344,-0.4672,2.005,0.5,-0.7502,-0.6652,2.0217,0.5,-0.4518,-0.6191,1.887,0.5,-0.6757,-0.618,1.7974,0.5,-0.6474,-0.6211,1.752,0.5,-0.7277,-0.5649,1.7268,0.5,-0.7298,-0.564,1.7302,1,-0.5264,-0.6049,2.1068,1,-0.5226,-0.646,2.121,1,-0.5676,-0.7153,2.1594,1,-0.4704,-0.6924,2.1152,0.5,-0.8399,-0.8119,1.9487,1,-0.5554,-0.6268,1.8268,0.5,-1.1085,-0.9071,1.7324,1,-0.3483,-0.8195,2.0923,0.5,-1.1605,-0.9298,1.6647,1,-0.4138,-0.774,2.0295
2515181342,1,-0.6386,-0.2447,1.9705,1,-0.5505,-0.4037,2.0557,1,-0.6649,-0.4868,2.1656,1,-0.4345,-0.4672,2.005,0.5,-0.7503,-0.6637,2.0234,0.5,-0.4841,-0.6058,1.8754,0.5,-0.6753,-0.6174,1.7992,0.5,-0.6609,-0.6111,1.7492,0.5,-0.7282,-0.5648,1.7264,0.5,-0.73,-0.5638,1.7301,1,-0.5263,-0.6048,2.1062,1,-0.5224,-0.6458,2.1197,1,-0.5675,-0.7153,2.1592,1,-0.4675,-0.6931,2.1065,0.5,-0.841,-0.8104,1.9497,1,-0.5579,-0.6252,1.8204,0.5,-1.1109,-0.9043,1.7345,0.5,-0.3507,-0.8177,2.0861,0.5,-1.1633,-0.9267,1.667,1,-0.4469,-0.8126,2.0538
2515181346,1,-0.6397,-0.2474,1.971,1,-0.5533,-0.4096,2.0571,1,-0.6662,-0.4902,2.1677,1,-0.4344,-0.468,2.0047,0.5,-0.7513,-0.666,2.0237,0.5,-0.4532,-0.6126,1.8894,0.5,-0.6825,-0.6135,1.7988,0.5,-0.641,-0.6214,1.7544,0.5,-0.7282,-0.5648,1.7264,0.5,-0.7281,-0.5654,1.7311,1,-0.5271,-0.6078,2.108,1,-0.5226,-0.6479,2.1211,1,-0.5667,-0.7204,2.1629,1,-0.467,-0.6939,2.1071,0.5,-0.8121,-0.8634,1.945,1,-0.5576,-0.6255,1.8209,0.5,-1.054,-1.0045,1.7215,0.5,-0.3504,-0.8179,2.0867,0.5,-1.1048,-1.0299,1.654,1,-0.4467,-0.8125,2.0548
2515181349,1,-0.6391,-0.2465,1.9696,1,-0.5534,-0.4091,2.0574,1,-0.666,-0.4913,2.1672,1,-0.4344,-0.468,2.0047,0.5,-0.7514,-0.6669,2.0232,0.5,-0.4596,-0.6179,1.8827,0.5,-0.6826,-0.6137,1.7985,0.5,-0.6452,-0.6203,1.7528,0.5,-0.7282,-0.5648,1.7264,0.5,-0.7265,-0.5665,1.7314,1,-0.5271,-0.6085,2.1079,1,-0.5225,-0.6491,2.1207,1,-0.5665,-0.7219,2.1601,1,-0.4668,-0.6939,2.1071,1,-0.8035,-0.7888,1.9807,1,-0.5579,-0.6257,1.8212,0.5,-1.12,-0.8782,1.7357,0.5,-0.3506,-0.8179,2.0872,0.5,-1.1726,-0.9001,1.6683,1,-0.4469,-0.8122,2.0556
2515181352,1,-0.6386,-0.2464,1.9694,1,-0.5529,-0.4085,2.0571,1,-0.6663,-0.4913,2.1675,1,-0.4343,-0.4679,2.0046,0.5,-0.7515,-0.6668,2.0234,0.5,-0.4764,-0.6153,1.8702,0.5,-0.6848,-0.6123,1.7983,0.5,-0.6411,-0.6224,1.7541,0.5,-0.7287,-0.5645,1.7262,0.5,-0.7267,-0.5659,1.7316,1,-0.527,-0.6085,2.1074,1,-0.5223,-0.6491,2.12,1,-0.5661,-0.7215,2.1578,1,-0.4664,-0.6936,2.1067,0.5,-0.8433,-0.8121,1.9503,1,-0.5579,-0.6258,1.8204,0.5,-1.1166,-0.9014,1.7371,0.5,-0.3506,-0.8179,2.0867,0.5,-1.1692,-0.9238,1.6698,1,-0.4471,-0.8122,2.0555
2515181355,1,-0.6377,-0.2499,1.97,1,-0.5546,-0.4114,2.0588,1,-0.6692,-0.4911,2.1737,1,-0.4341,-0.4682,2.0045,0.5,-0.7523,-0.6655,2.0265,0.5,-0.4555,-0.6134,1.8873,0.5,-0.6866,-0.6119,1.8009,0.5,-0.6409,-0.6225,1.7541,0.5,-0.7273,-0.5649,1.7271,0.5,-0.7259,-0.5665,1.7319,1,-0.529,-0.6099,2.1087,1,-0.5242,-0.65,2.1211,1,-0.5681,-0.7229,2.1597,1,-0.4679,-0.6947,2.1077,0.5,-0.8444,-0.814,1.9503,1,-0.5577,-0.6252,1.8209,0.5,-1.1165,-0.9038,1.7355,0.5,-0.3503,-0.8178,2.0868,0.5,-1.1696,-0.9262,1.6686,1,-0.4469,-0.8122,2.0559
2515181358,1,-0.6376,-0.2499,1.9699,1,-0.554,-0.4105,2.0587,1,-0.6691,-0.4908,2.1733,1,-0.4341,-0.468,2.0046,0.5,-0.7522,-0.6653,2.0263,0.5,-0.4699,-0.609,1.8775,0.5,-0.6864,-0.6122,1.8006,0.5,-0.6449,-0.6213,1.753,0.5,-0.7273,-0.5649,1.727,0.5,-0.7256,-0.5668,1.7319,1,-0.5285,-0.6094,2.1083,1,-0.5236,-0.6496,2.1206,1,-0.5671,-0.7221,2.1586,1,-0.4668,-0.6933,2.1071,0.5,-0.8434,-0.8162,1.9498,1,-0.5581,-0.6254,1.8199,0.5,-1.1152,-0.9088,1.7359,0.5,-0.3509,-0.819,2.0854,0.5,-1.1684,-0.9311,1.669,1,-0.4477,-0.8132,2.0553
2515181361,1,-0.6383,-0.249,1.97,1,-0.5541,-0.4103,2.0586,1,-0.6685,-0.4895,2.1717,1,-0.4341,-0.468,2.0048,0.5,-0.752,-0.6648,2.0259,0.5,-0.4592,-0.606,1.8879,0.5,-0.6807,-0.6152,1.801,0.5,-0.6552,-0.6109,1.7535,0.5,-0.7278,-0.5647,1.727,0.5,-0.7258,-0.5662,1.7322,1,-0.5286,-0.6095,2.1084,1,-0.5237,-0.6496,2.1206,1,-0.5672,-0.722,2.1587,1,-0.4669,-0.6933,2.1073,0.5,-0.8471,-0.8102,1.9514,1,-0.5582,-0.6254,1.8197,0.5,-1.1222,-0.8969,1.7392,1,-0.3165,-0.7292,2.1046,0.5,-1.1754,-0.9191,1.6722,1,-0.4121,-0.7425,2.0729
2515181364,1,-0.638,-0.2486,1.9699,1,-0.5539,-0.4098,2.0582,1,-0.6684,-0.4894,2.1716,1,-0.4341,-0.468,2.0048,0.5,-0.7519,-0.6647,2.0259,0.5,-0.4871,-0.6182,1.8631,0.5,-0.679,-0.6152,1.8015,0.5,-0.6445,-0.6205,1.7544,0.5,-0.7278,-0.5647,1.727,0.5,-0.7271,-0.5653,1.7321,1,-0.5291,-0.6102,2.1086,1,-0.5246,-0.6508,2.1211,1,-0.5684,-0.7227,2.1594,1,-0.4682,-0.695,2.1082,0.5,-0.848,-0.8086,1.9508,1,-0.558,-0.6256,1.8206,0.5,-1.1229,-0.893,1.7372,0.5,-0.3161,-0.729,2.1056,0.5,-1.1761,-0.9149,1.6702,1,-0.4117,-0.7424,2.0739
2515181375,1,-0.6362,-0.2462,1.9688,1,-0.5518,-0.4071,2.0569,1,-0.6673,-0.4873,2.1695,1,-0.4341,-0.4678,2.0049,0.5,-0.7513,-0.6638,2.0251,0.5,-0.4884,-0.6033,1.876,0.5,-0.6761,-0.6167,1.8007,0.5,-0.646,-0.6208,1.7544,0.5,-0.7282,-0.5647,1.7271,0.5,-0.7294,-0.5635,1.7323,1,-0.5306,-0.6079,2.1103,1,-0.5271,-0.648,2.1238,1,-0.5726,-0.7164,2.1661,1,-0.4725,-0.6929,2.1108,0.5,-0.8463,-0.807,1.9513,1,-0.5574,-0.6261,1.8209,0.5,-1.1155,-0.896,1.7315,0.5,-0.3153,-0.7291,2.1061,0.5,-1.1681,-0.9183,1.6641,0.5,-0.4107,-0.7424,2.0739
2515181375,1,-0.6389,-0.2437,1.9694,1,-0.5516,-0.4066,2.0567,1,-0.6674,-0.4873,2.1695,1,-0.4341,-0.4679,2.0049,0.5,-0.7513,-0.6639,2.0251,0.5,-0.457,-0.6072,1.8889,0.5,-0.6753,-0.6175,1.8008,0.5,-0.6489,-0.6195,1.7532,0.5,-0.7282,-0.5647,1.7271,0.5,-0.7297,-0.5632,1.7322,1,-0.5304,-0.6077,2.11,1,-0.5268,-0.6478,2.1233,1,-0.5718,-0.7167,2.1646,1,-0.472,-0.6925,2.1102,0.5,-0.8468,-0.8064,1.9515,1,-0.5572,-0.6254,1.8207,0.5,-1.1175,-0.8947,1.7332,1,-0.3144,-0.7292,2.1053,0.5,-1.1703,-0.9169,1.6659,1,-0.41,-0.7425,2.0735
2515181378,1,-0.6386,-0.2451,1.969,1,-0.5513,-0.4062,2.0568,1,-0.6674,-0.4873,2.1695,1,-0.434,-0.4679,2.0048,0.5,-0.7512,-0.6638,2.025,0.5,-0.4815,-0.6034,1.8768,0.5,-0.6821,-0.6131,1.7993,0.5,-0.6501,-0.6191,1.7529,0.5,-0.7285,-0.5645,1.727,0.5,-0.7299,-0.563,1.7319,1,-0.53,-0.6075,2.1097,1,-0.5262,-0.6477,2.1227,1,-0.5705,-0.717,2.1628,1,-0.4711,-0.6922,2.1095,0.5,-0.8434,-0.8136,1.9494,1,-0.5577,-0.6248,1.82,0.5,-1.1119,-0.9087,1.731,0.5,-0.3143,-0.7291,2.1042,0.5,-1.1646,-0.9311,1.6636,1,-0.41,-0.7424,2.0728
2515181381,1,-0.6385,-0.245,1.969,1,-0.5513,-0.4062,2.0568,1,-0.6674,-0.4866,2.1697,1,-0.434,-0.468,2.0049,0.5,-0.7511,-0.6633,2.0253,0.5,-0.46,-0.6057,1.8873,0.5,-0.6995,-0.6048,1.7967,0.5,-0.6441,-0.6211,1.7542,0.5,-0.7285,-0.5645,1.7269,0.5,-0.7302,-0.5628,1.7317,1,-0.5303,-0.6079,2.1099,1,-0.5264,-0.6481,2.1229,1,-0.5706,-0.7176,2.1632,1,-0.4716,-0.6928,2.1098,0.5,-0.8445,-0.8114,1.9502,1,-0.5578,-0.6251,1.8205,0.5,-1.1143,-0.9037,1.7319,0.5,-0.3134,-0.7296,2.104,0.5,-1.167,-0.926,1.6646,1,-0.4092,-0.7427,2.0727
2515181385,1,-0.6394,-0.2443,1.9696,1,-0.5521,-0.4066,2.057,1,-0.6674,-0.4867,2.1699,1,-0.434,-0.4686,2.0049,0.5,-0.7511,-0.6633,2.0254,0.5,-0.4862,-0.6151,1.8663,0.5,-0.6975,-0.6056,1.7971,0.5,-0.6411,-0.6223,1.7549,0.5,-0.7287,-0.5644,1.7268,0.5,-0.7303,-0.5627,1.7314,1,-0.5307,-0.6084,2.1101,1,-0.5268,-0.6487,2.1231,1,-0.571,-0.7187,2.1645,1,-0.4717,-0.6946,2.109,0.5,-0.8439,-0.8127,1.9495,1,-0.5581,-0.6249,1.8199,0.5,-1.1124,-0.9052,1.7295,0.5,-0.3128,-0.7296,2.1028,0.5,-1.1652,-0.9276,1.6622,1,-0.4087,-0.7427,2.0718
2515181388,1,-0.6395,-0.2443,1.9695,1,-0.5523,-0.4065,2.057,1,-0.6671,-0.4867,2.1692,1,-0.434,-0.4686,2.0049,0.5,-0.751,-0.6635,2.0251,0.5,-0.4864,-0.6151,1.8661,0.5,-0.6998,-0.6048,1.7964,0.5,-0.6392,-0.623,1.7555,0.5,-0.729,-0.5644,1.7265,0.5,-0.7304,-0.5626,1.7312,1,-0.5307,-0.6086,2.1104,1,-0.5267,-0.6491,2.1235,1,-0.5707,-0.7192,2.1649,1,-0.4716,-0.6947,2.1096,0.5,-0.8451,-0.8095,1.9505,1,-0.5578,-0.6245,1.8207,0.5,-1.1152,-0.8985,1.7309,0.5,-0.3114,-0.73,2.1026,0.5,-1.168,-0.9207,1.6635,0.5,-0.4073,-0.743,2.0716
2515181392,1,-0.6397,-0.2444,1.9696,1,-0.5525,-0.4067,2.0572,1,-0.6694,-0.4882,2.1737,1,-0.4341,-0.4688,2.0048,0.5,-0.7518,-0.6642,2.0268,0.5,-0.4468,-0.612,1.892,0.5,-0.7018,-0.6047,1.7978,0.5,-0.6376,-0.6237,1.7559,0.5,-0.7277,-0.5651,1.7282,0.5,-0.7284,-0.5646,1.7323,1,-0.5311,-0.6093,2.1112,1,-0.527,-0.6498,2.1244,1,-0.571,-0.7211,2.1668,1,-0.4718,-0.6955,2.1104,0.5,-0.8454,-0.8077,1.9501,1,-0.5574,-0.6249,1.821,0.5,-1.1153,-0.8929,1.7284,1,-0.313,-0.7285,2.1054,0.5,-1.1684,-0.915,1.6613,1,-0.4088,-0.7419,2.074
2515181396,1,-0.6392,-0.2445,1.9694,1,-0.5524,-0.4066,2.0571,1,-0.6683,-0.4896,2.1714,1,-0.4341,-0.4687,2.0049,0.5,-0.7518,-0.6656,2.0254,0.5,-0.4666,-0.6082,1.8743,0.5,-0.7029,-0.6042,1.7966,0.5,-0.6462,-0.6215,1.7534,0.5,-0.7281,-0.5649,1.7279,0.5,-0.7247,-0.57,1.7335,1,-0.5292,-0.6099,2.1099,1,-0.5243,-0.6508,2.1226,1,-0.5679,-0.7217,2.1642,1,-0.4669,-0.6962,2.1075,0.5,-0.8462,-0.805,1.9517,1,-0.5581,-0.6242,1.8204,0.5,-1.1203,-0.8869,1.7339,1,-0.3125,-0.7295,2.1033,0.5,-1.1733,-0.9088,1.6667,1,-0.4084,-0.7428,2.0724
2515181399,1,-0.6393,-0.2448,1.9695,1,-0.5524,-0.4065,2.0571,1,-0.6683,-0.4909,2.1717,1,-0.434,-0.4686,2.0049,0.5,-0.752,-0.6665,2.0252,0.5,-0.4714,-0.6099,1.8712,0.5,-0.7035,-0.6041,1.7966,0.5,-0.6485,-0.6205,1.7529,0.5,-0.7283,-0.5649,1.7277,0.5,-0.7247,-0.5694,1.7336,1,-0.529,-0.6099,2.1098,1,-0.5241,-0.6508,2.1224,1,-0.5675,-0.7221,2.1641,1,-0.4666,-0.696,2.1072,0.5,-0.8437,-0.8095,1.9508,1,-0.5584,-0.6244,1.8203,0.5,-1.1159,-0.8956,1.7321,0.5,-0.3103,-0.7285,2.1019,0.5,-1.1688,-0.9178,1.6649,1,-0.4064,-0.7419,2.0715
2515181402,1,-0.6386,-0.2484,1.9688,1,-0.5555,-0.4157,2.0606,1,-0.6682,-0.4915,2.1714,1,-0.4337,-0.4699,2.0047,0.5,-0.7521,-0.6669,2.0248,0.5,-0.4641,-0.6147,1.8766,0.5,-0.7039,-0.604,1.7964,0.5,-0.6544,-0.6169,1.7519,0.5,-0.7285,-0.5647,1.7276,0.5,-0.7266,-0.5674,1.7325,1,-0.5294,-0.6123,2.1125,1,-0.5242,-0.6523,2.125,1,-0.5673,-0.724,2.1671,1,-0.4663,-0.697,2.1108,0.5,-0.8394,-0.8074,1.947,1,-0.5573,-0.6253,1.8238,0.5,-1.1076,-0.8897,1.7214,0.5,-0.3082,-0.7286,2.105,0.5,-1.1601,-0.9124,1.6539,1,-0.4042,-0.7419,2.0743
2515181405,1,-0.6383,-0.2485,1.9687,1,-0.5553,-0.4151,2.0606,1,-0.6682,-0.4918,2.1713,1,-0.4334,-0.4702,2.0049,0.5,-0.7522,-0.6671,2.0247,0.5,-0.478,-0.6144,1.8689,0.5,-0.7043,-0.6038,1.7963,0.5,-0.6605,-0.6122,1.7498,0.5,-0.7288,-0.5646,1.7271,0.5,-0.7278,-0.5663,1.7314,1,-0.5294,-0.6123,2.1125,1,-0.5243,-0.6524,2.125,1,-0.5675,-0.7242,2.1672,1,-0.4666,-0.6973,2.1105,0.5,-0.8411,-0.8045,1.9481,1,-0.5572,-0.6255,1.8236,0.5,-1.1111,-0.8837,1.7234,0.5,-0.3081,-0.7315,2.1039,0.5,-1.1636,-0.9062,1.656,1,-0.4042,-0.7442,2.0733
2515181408,1,-0.6385,-0.249,1.9693,1,-0.5553,-0.4152,2.0606,1,-0.6682,-0.4918,2.1713,1,-0.4333,-0.4703,2.0049,0.5,-0.7522,-0.6671,2.0248,0.5,-0.4507,-0.6102,1.8883,0.5,-0.7046,-0.6036,1.7963,0.5,-0.6494,-0.6123,1.7567,0.5,-0.729,-0.5646,1.7271,0.5,-0.725,-0.5697,1.7325,1,-0.5295,-0.6123,2.1125,1,-0.5244,-0.6524,2.125,1,-0.5677,-0.7245,2.1675,1,-0.4667,-0.6973,2.1103,0.5,-0.841,-0.8036,1.9479,1,-0.5574,-0.6252,1.8237,0.5,-1.111,-0.8817,1.7226,0.5,-0.3073,-0.7317,2.1031,0.5,-1.1634,-0.9041,1.6551,1,-0.4034,-0.7442,2.0726
2515181411,1,-0.6387,-0.2488,1.9694,1,-0.554,-0.4129,2.0596,1,-0.6682,-0.4911,2.1714,1,-0.4331,-0.4701,2.005,0.5,-0.7521,-0.6666,2.0249,0.5,-0.4892,-0.6044,1.8712,0.5,-0.7049,-0.6035,1.7963,0.5,-0.6602,-0.6127,1.7498,0.5,-0.7292,-0.5645,1.7268,0.5,-0.7268,-0.5676,1.7314,1,-0.5298,-0.6123,2.1123,1,-0.525,-0.6524,2.1247,1,-0.5684,-0.7244,2.1673,1,-0.4686,-0.6978,2.1097,0.5,-0.8416,-0.8032,1.9476,1,-0.5574,-0.6249,1.8229,0.5,-1.1116,-0.8811,1.7221,0.5,-0.3063,-0.7319,2.1014,0.5,-1.1642,-0.9032,1.6545,1,-0.4026,-0.7444,2.0713
2515181416,1,-0.6383,-0.2486,1.9695,1,-0.5531,-0.4115,2.0592,1,-0.6679,-0.4915,2.1712,1,-0.4332,-0.4699,2.0052,0.5,-0.7521,-0.6671,2.0246,0.5,-0.4504,-0.6104,1.8889,0.5,-0.705,-0.6057,1.7952,0.5,-0.6435,-0.6206,1.7534,0.5,-0.7293,-0.5645,1.7268,0.5,-0.7252,-0.5696,1.732,1,-0.521,-0.6034,2.0995,1,-0.5135,-0.6411,2.1075,1,-0.5565,-0.7157,2.1454,1,-0.4461,-0.6773,2.0818,0.5,-0.8467,-0.8046,1.9537,1,-0.569,-0.6223,1.8036,0.5,-1.1332,-0.8925,1.7558,0.5,-0.3171,-0.7301,2.0812,0.5,-1.1872,-0.9137,1.6891,1,-0.4141,-0.7433,2.0541
2515181419,1,-0.6384,-0.2486,1.9695,1,-0.5515,-0.4095,2.0588,1,-0.6681,-0.4905,2.1716,1,-0.4332,-0.4696,2.0052,0.5,-0.752,-0.6663,2.025,0.5,-0.4831,-0.6053,1.8698,0.5,-0.7125,-0.6002,1.7955,0.5,-0.6276,-0.6493,1.7519,0.5,-0.7294,-0.5644,1.7268,0.5,-0.7256,-0.5685,1.7321,1,-0.5194,-0.6008,2.096,1,-0.5124,-0.6388,2.1043,1,-0.5562,-0.7139,2.1423,1,-0.4461,-0.6769,2.0806,0.5,-0.8483,-0.8051,1.9539,1,-0.5698,-0.6223,1.8023,0.5,-1.1364,-0.8951,1.7596,0.5,-0.317,-0.7287,2.0798,0.5,-1.1908,-0.9157,1.693,1,-0.414,-0.7422,2.0525
2515181422,1,-0.6388,-0.2463,1.9707,1,-0.5517,-0.4094,2.0589,1,-0.671,-0.4866,2.1776,1,-0.4332,-0.4695,2.0054,0.5,-0.7521,-0.6627,2.029,0.5,-0.4513,-0.6093,1.8877,0.5,-0.6998,-0.6043,1.7995,0.5,-0.6272,-0.65,1.7517,0.5,-0.7293,-0.5645,1.7268,0.5,-0.7269,-0.5669,1.7316,1,-0.5192,-0.5995,2.0951,1,-0.5121,-0.6372,2.1034,1,-0.5559,-0.7135,2.142,1,-0.4458,-0.6762,2.0801,0.5,-0.8466,-0.8143,1.9556,1,-0.57,-0.6219,1.8015,0.5,-1.1331,-0.9137,1.7634,0.5,-0.3165,-0.7268,2.0792,0.5,-1.1882,-0.9348,1.6974,1,-0.4135,-0.7407,2.052
2515181425,1,-0.6385,-0.2464,1.9706,1,-0.5517,-0.4094,2.0588,1,-0.6701,-0.4866,2.1759,1,-0.4331,-0.4697,2.0053,0.5,-0.7519,-0.663,2.0281,0.5,-0.4884,-0.6119,1.8661,0.5,-0.6781,-0.6175,1.8018,0.5,-0.6268,-0.6507,1.7517,0.5,-0.7292,-0.5645,1.7267,0.5,-0.7281,-0.5655,1.7307,1,-0.5258,-0.6067,2.1049,1,-0.5224,-0.6485,2.119,1,-0.5661,-0.7209,2.1603,1,-0.4722,-0.6996,2.1123,0.5,-0.8428,-0.814,1.9482,1,-0.557,-0.6251,1.823,0.5,-1.1152,-0.9057,1.7309,0.5,-0.3031,-0.7293,2.1009,0.5,-1.1688,-0.9274,1.664,1,-0.3992,-0.7422,2.0702
2515181428,1,-0.6382,-0.2465,1.9704,1,-0.5514,-0.409,2.0583,1,-0.6697,-0.4865,2.1751,1,-0.4329,-0.4693,2.0054,0.5,-0.7524,-0.6628,2.0278,0.5,-0.4884,-0.6119,1.8661,0.5,-0.6835,-0.6131,1.8007,0.5,-0.6794,-0.5741,1.7567,0.5,-0.7292,-0.5644,1.7267,0.5,-0.729,-0.5643,1.7305,1,-0.5256,-0.6066,2.1052,1,-0.5221,-0.6481,2.1192,1,-0.5655,-0.7207,2.1607,1,-0.469,-0.6958,2.1107,0.5,-0.8453,-0.8087,1.9498,1,-0.5577,-0.6252,1.8213,0.5,-1.1205,-0.8954,1.7339,0.5,-0.3044,-0.7292,2.0998,0.5,-1.1741,-0.9171,1.6669,1,-0.3756,-0.7008,2.033
2515181431,1,-0.6382,-0.2465,1.9704,1,-0.5523,-0.4096,2.0588,1,-0.6695,-0.487,2.1748,1,-0.4329,-0.4694,2.0055,0.5,-0.7525,-0.6635,2.0273,0.5,-0.4495,-0.609,1.8869,0.5,-0.6847,-0.612,1.8,0.5,-0.6286,-0.6384,1.7537,0.5,-0.7296,-0.5642,1.7266,0.5,-0.7299,-0.5635,1.7308,1,-0.5276,-0.609,2.1078,1,-0.5234,-0.6499,2.1211,1,-0.5665,-0.7219,2.1616,1,-0.4692,-0.6962,2.1113,0.5,-0.8466,-0.8074,1.9494,1,-0.5574,-0.6251,1.8214,0.5,-1.1219,-0.8916,1.7323,0.5,-0.3052,-0.7287,2.1012,0.5,-1.1754,-0.9133,1.6653,1,-0.3762,-0.7003,2.0341
2515181435,1,-0.6379,-0.2464,1.9703,1,-0.5524,-0.4095,2.0588,1,-0.6695,-0.4869,2.1748,1,-0.4326,-0.4696,2.0055,0.5,-0.7525,-0.6634,2.0273,0.5,-0.4811,-0.605,1.8729,0.5,-0.6856,-0.6113,1.7999,0.5,-0.6297,-0.6353,1.7543,0.5,-0.7296,-0.5642,1.7266,0.5,-0.7298,-0.5634,1.7309,1,-0.5285,-0.6096,2.1104,1,-0.5242,-0.6505,2.124,1,-0.5675,-0.722,2.1645,1,-0.4693,-0.6965,2.1138,0.5,-0.8437,-0.8109,1.9487,1,-0.5565,-0.6256,1.8238,0.5,-1.1153,-0.8984,1.7279,1,-0.3034,-0.7346,2.101,0.5,-1.1685,-0.9208,1.6608,1,-0.3994,-0.7467,2.0697
2515181438,1,-0.6375,-0.2462,1.9703,1,-0.5527,-0.4091,2.059,1,-0.6654,-0.4847,2.1683,1,-0.4326,-0.4696,2.0055,0.5,-0.751,-0.6628,2.0247,0.5,-0.4774,-0.6101,1.8686,0.5,-0.6773,-0.6187,1.7977,0.5,-0.6319,-0.6332,1.7543,0.5,-0.7295,-0.5644,1.7267,0.5,-0.7249,-0.5695,1.7329,1,-0.5291,-0.6106,2.1107,1,-0.5248,-0.6517,2.1242,1,-0.5677,-0.7222,2.164,1,-0.4701,-0.6971,2.114,0.5,-0.845,-0.8074,1.9485,1,-0.5565,-0.6254,1.824,0.5,-1.118,-0.8914,1.7278,0.5,-0.2992,-0.7473,2.0926,0.5,-1.1708,-0.9134,1.6604,1,-0.3962,-0.7569,2.0633
2515181442,1,-0.6376,-0.2455,1.9704,1,-0.5525,-0.4078,2.0582,1,-0.6655,-0.4846,2.1684,1,-0.4326,-0.4695,2.0056,0.5,-0.7509,-0.6628,2.0249,0.5,-0.4782,-0.6102,1.8687,0.5,-0.6763,-0.6177,1.7983,0.5,-0.6263,-0.6432,1.7535,0.5,-0.7292,-0.5646,1.7271,0.5,-0.7254,-0.5688,1.7329,1,-0.5193,-0.6004,2.0945,1,-0.5106,-0.6376,2.1008,1,-0.5539,-0.7136,2.1394,1,-0.4414,-0.6727,2.0724,0.5,-0.8499,-0.8085,1.956,1,-0.5741,-0.6212,1.7961,0.5,-1.1412,-0.9018,1.7671,0.5,-0.3164,-0.745,2.0636,0.5,-1.1958,-0.9224,1.7006,0.5,-0.4146,-0.7555,2.0393
2515181446,1,-0.6373,-0.2457,1.9703,1,-0.5533,-0.4087,2.0587,1,-0.6659,-0.4869,2.1692,1,-0.4326,-0.4699,2.0055,0.5,-0.7514,-0.6644,2.0247,0.5,-0.4802,-0.6113,1.868,0.5,-0.6757,-0.6186,1.7987,0.5,-0.6245,-0.6462,1.7534,0.5,-0.7292,-0.5646,1.7271,0.5,-0.7267,-0.5672,1.7323,1,-0.5269,-0.6117,2.1077,1,-0.523,-0.6551,2.1229,1,-0.5655,-0.7266,2.1615,1,-0.4689,-0.7032,2.1162,0.5,-0.8481,-0.8036,1.9496,1,-0.5556,-0.6258,1.8277,0.5,-1.1262,-0.8793,1.7326,0.5,-0.2975,-0.7507,2.0945,0.5,-1.1794,-0.9008,1.6652,1,-0.3947,-0.7594,2.0655
2515181449,1,-0.637,-0.2454,1.9703,1,-0.5533,-0.4083,2.0585,1,-0.6656,-0.4859,2.168,1,-0.4325,-0.4699,2.0055,0.5,-0.7511,-0.6639,2.0243,0.5,-0.4799,-0.6123,1.8673,0.5,-0.6749,-0.6189,1.7983,0.5,-0.6274,-0.6382,1.7551,0.5,-0.7297,-0.5642,1.7268,0.5,-0.7264,-0.5673,1.7324,1,-0.5281,-0.6118,2.1085,1,-0.5241,-0.6549,2.1233,1,-0.5671,-0.7257,2.1626,1,-0.4703,-0.7026,2.1156,0.5,-0.8485,-0.8029,1.9496,1,-0.5558,-0.6256,1.8267,0.5,-1.1258,-0.8789,1.7312,0.5,-0.2973,-0.7518,2.0927,0.5,-1.1788,-0.9004,1.6637,1,-0.3945,-0.7602,2.0639
2515181452,1,-0.6374,-0.2455,1.9704,1,-0.5535,-0.4091,2.0585,1,-0.6656,-0.4859,2.168,1,-0.4325,-0.4699,2.0055,0.5,-0.751,-0.664,2.0244,0.5,-0.4813,-0.612,1.8671,0.5,-0.6745,-0.6191,1.7985,0.5,-0.6491,-0.6222,1.7513,0.5,-0.7297,-0.5642,1.7268,0.5,-0.7276,-0.566,1.7322,1,-0.5282,-0.612,2.1088,1,-0.5241,-0.6548,2.1234,1,-0.5671,-0.7256,2.1627,1,-0.4699,-0.7017,2.1152,0.5,-0.8488,-0.8022,1.9502,1,-0.5559,-0.6258,1.8264,0.5,-1.1266,-0.8778,1.7322,0.5,-0.2974,-0.7524,2.0923,0.5,-1.1796,-0.8994,1.6647,1,-0.3948,-0.7606,2.0641
2515181455,1,-0.6379,-0.2466,1.9706,1,-0.5535,-0.4091,2.0584,1,-0.6658,-0.4858,2.1683,1,-0.4324,-0.4701,2.0055,0.5,-0.7514,-0.6637,2.0244,0.5,-0.4513,-0.611,1.8891,0.5,-0.674,-0.6196,1.7986,0.5,-0.6425,-0.623,1.7529,0.5,-0.7297,-0.5642,1.7268,0.5,-0.7271,-0.5663,1.7324,1,-0.5289,-0.6122,2.1096,1,-0.5247,-0.6548,2.124,1,-0.568,-0.7256,2.1645,1,-0.4702,-0.7017,2.1151,0.5,-0.8485,-0.802,1.9504,1,-0.5562,-0.6259,1.8264,0.5,-1.1251,-0.8773,1.7307,1,-0.3052,-0.7334,2.1068,0.5,-1.1781,-0.899,1.6631,1,-0.4013,-0.7455,2.0756
2515181460,1,-0.638,-0.2465,1.9706,1,-0.5533,-0.4088,2.0582,1,-0.6658,-0.486,2.1684,1,-0.4324,-0.4698,2.0058,0.5,-0.751,-0.6637,2.0241,0.5,-0.4866,-0.6167,1.866,0.5,-0.6737,-0.6195,1.7983,0.5,-0.6393,-0.6233,1.7533,0.5,-0.7298,-0.5641,1.7268,0.5,-0.728,-0.5652,1.7321,1,-0.5292,-0.6121,2.1099,1,-0.5251,-0.6545,2.1242,1,-0.5684,-0.7251,2.1646,1,-0.4708,-0.701,2.1151,0.5,-0.8486,-0.8019,1.9504,1,-0.5561,-0.6261,1.826,0.5,-1.1251,-0.8776,1.7305,0.5,-0.3052,-0.7326,2.107,0.5,-1.178,-0.8992,1.6629,1,-0.376,-0.7037,2.0398
2515181461,1,-0.6375,-0.2465,1.9706,1,-0.5533,-0.4086,2.0582,1,-0.6658,-0.486,2.1683,1,-0.4323,-0.4698,2.0058,0.5,-0.7507,-0.6637,2.0237,0.5,-0.4491,-0.6104,1.8887,0.5,-0.6788,-0.6169,1.7967,0.5,-0.6383,-0.6234,1.7537,0.5,-0.7298,-0.5641,1.7268,0.5,-0.7289,-0.5644,1.7316,1,-0.5294,-0.6123,2.1101,1,-0.5252,-0.6545,2.1243,1,-0.5685,-0.7251,2.1646,1,-0.4709,-0.701,2.115,0.5,-0.8474,-0.8008,1.9486,1,-0.5561,-0.6262,1.8261,0.5,-1.1229,-0.8755,1.7268,0.5,-0.3053,-0.732,2.1075,0.5,-1.1757,-0.8971,1.6592,1,-0.3785,-0.7035,2.0427
2515181466,1,-0.6378,-0.2466,1.9709,1,-0.552,-0.4065,2.0576,1,-0.6659,-0.486,2.1684,1,-0.4324,-0.4697,2.0058,0.5,-0.7508,-0.6635,2.0237,0.5,-0.4742,-0.6094,1.8704,0.5,-0.6826,-0.6131,1.7962,0.5,-0.6368,-0.6234,1.7539,0.5,-0.7298,-0.564,1.7267,0.5,-0.7277,-0.565,1.7317,1,-0.5296,-0.6117,2.1104,1,-0.5256,-0.6538,2.1245,1,-0.569,-0.7243,2.1648,1,-0.4717,-0.6997,2.1148,0.5,-0.8474,-0.8009,1.9487,1,-0.5562,-0.6263,1.8254,0.5,-1.1225,-0.8767,1.7266,0.5,-0.3045,-0.727,2.1079,0.5,-1.1753,-0.8981,1.6589,1,-0.4006,-0.7409,2.0776
2515181469,1,-0.6377,-0.2467,1.9705,1,-0.5515,-0.4061,2.0576,1,-0.6661,-0.4862,2.1689,1,-0.4323,-0.4694,2.0059,0.5,-0.7508,-0.6638,2.024,0.5,-0.4553,-0.607,1.8859,0.5,-0.6841,-0.6117,1.7965,0.5,-0.6368,-0.6235,1.7539,0.5,-0.7297,-0.5642,1.7266,0.5,-0.7286,-0.5644,1.7311,1,-0.5286,-0.6105,2.1092,1,-0.5241,-0.6519,2.1222,1,-0.5675,-0.723,2.1628,1,-0.4687,-0.6966,2.1087,0.5,-0.8057,-0.7893,1.9806,1,-0.558,-0.6251,1.8205,0.5,-1.1244,-0.8779,1.7314,0.5,-0.3059,-0.7256,2.1029,0.5,-1.1773,-0.8992,1.6638,1,-0.4023,-0.7399,2.0735
2515181472,1,-0.6382,-0.2454,1.9701,1,-0.5516,-0.406,2.0575,1,-0.6661,-0.4858,2.1688,1,-0.4322,-0.4695,2.0058,0.5,-0.7513,-0.6634,2.0241,0.5,-0.4887,-0.616,1.8626,0.5,-0.6852,-0.6109,1.7965,0.5,-0.6362,-0.6239,1.754,0.5,-0.7281,-0.5646,1.7274,0.5,-0.729,-0.5639,1.731,1,-0.5289,-0.6106,2.1098,1,-0.5245,-0.652,2.123,1,-0.5679,-0.723,2.1644,1,-0.469,-0.6968,2.1095,0.5,-0.8358,-0.8275,1.9464,1,-0.5578,-0.6249,1.8209,0.5,-1.1006,-0.9308,1.7225,0.5,-0.3055,-0.7254,2.1032,0.5,-1.1529,-0.9535,1.6547,1,-0.4018,-0.7396,2.0738
2515181475,1,-0.6377,-0.2449,1.9699,1,-0.5511,-0.4058,2.0572,1,-0.6662,-0.4858,2.1688,1,-0.4322,-0.4694,2.0058,0.5,-0.7513,-0.6633,2.0242,0.5,-0.4861,-0.6164,1.8627,0.5,-0.686,-0.6102,1.7965,0.5,-0.6358,-0.6241,1.7541,0.5,-0.727,-0.5649,1.7281,0.5,-0.7277,-0.5648,1.7315,1,-0.5189,-0.599,2.0962,1,-0.5107,-0.6354,2.1035,1,-0.5538,-0.7109,2.1475,1,-0.4432,-0.6761,2.0724,0.5,-0.8239,-0.8541,1.9562,1,-0.5734,-0.6211,1.7961,0.5,-1.0906,-0.9954,1.7589,0.5,-0.3207,-0.7215,2.0783,0.5,-1.1435,-1.0191,1.692,1,-0.418,-0.7369,2.0527
2515181478,1,-0.6369,-0.2478,1.9697,1,-0.5519,-0.4096,2.0576,1,-0.6665,-0.4864,2.1694,1,-0.4322,-0.4697,2.0057,0.5,-0.7514,-0.6634,2.0239,0.5,-0.4567,-0.6174,1.8832,0.5,-0.6864,-0.6098,1.7963,0.5,-0.645,-0.6205,1.7513,0.5,-0.7276,-0.5647,1.7277,0.5,-0.7278,-0.5646,1.7315,1,-0.524,-0.6088,2.1022,1,-0.5192,-0.6499,2.1139,1,-0.5617,-0.7203,2.1557,1,-0.4648,-0.7056,2.1029,0.5,-0.8247,-0.8542,1.9472,1,-0.5592,-0.6235,1.8183,0.5,-1.0842,-0.9864,1.733,0.5,-0.3062,-0.724,2.1005,0.5,-1.1365,-1.0099,1.6656,1,-0.4027,-0.7384,2.0714
2515181481,1,-0.6376,-0.2473,1.9699,1,-0.552,-0.4094,2.0577,1,-0.6681,-0.4865,2.1725,1,-0.4323,-0.4697,2.0058,0.5,-0.7517,-0.6629,2.0254,0.5,-0.4671,-0.6126,1.875,0.5,-0.6791,-0.6156,1.7987,0.5,-0.6407,-0.6223,1.7522,0.5,-0.7276,-0.5647,1.7278,0.5,-0.7268,-0.5655,1.7319,1,-0.5264,-0.6087,2.1048,1,-0.522,-0.6495,2.1171,1,-0.5651,-0.721,2.161,1,-0.4672,-0.7032,2.1043,1,-0.807,-0.7906,1.984,1,-0.559,-0.6239,1.8181,0.5,-1.1303,-0.8836,1.7421,0.5,-0.306,-0.7244,2.1003,0.5,-1.184,-0.9048,1.675,1,-0.4025,-0.7388,2.0714
2515181485,1,-0.6356,-0.2454,1.9693,1,-0.5508,-0.4078,2.0568,1,-0.6669,-0.4861,2.1704,1,-0.4322,-0.4697,2.0058,0.5,-0.7515,-0.6629,2.0244,0.5,-0.4775,-0.6142,1.868,0.5,-0.6699,-0.6186,1.8002,0.5,-0.6275,-0.6463,1.7512,0.5,-0.7278,-0.5645,1.7277,0.5,-0.7277,-0.5647,1.7317,1,-0.5162,-0.5991,2.0938,1,-0.5079,-0.6363,2.1015,1,-0.5489,-0.7064,2.1374,1,-0.4373,-0.6717,2.0745,0.5,-0.8459,-0.8141,1.9634,1,-0.5729,-0.6229,1.7992,0.5,-1.139,-0.9205,1.7832,0.5,-0.3197,-0.7233,2.0815,0.5,-1.1937,-0.9425,1.7172,1,-0.4169,-0.7384,2.0554
2515181488,1,-0.6357,-0.2455,1.9693,1,-0.551,-0.4078,2.057,1,-0.6668,-0.4861,2.1704,1,-0.4322,-0.4696,2.0058,0.5,-0.7515,-0.663,2.0246,0.5,-0.4512,-0.6089,1.8872,0.5,-0.6826,-0.6116,1.7975,0.5,-0.6149,-0.6535,1.7542,0.5,-0.7271,-0.5648,1.7281,0.5,-0.7285,-0.5641,1.7313,1,-0.5212,-0.6036,2.0998,1,-0.516,-0.6438,2.1115,1,-0.5603,-0.7172,2.1534,1,-0.4624,-0.692,2.1005,0.5,-0.8475,-0.8082,1.9534,1,-0.5614,-0.6238,1.8133,0.5,-1.1307,-0.8981,1.7476,0.5,-0.3074,-0.7222,2.0957,0.5,-1.1844,-0.9196,1.6806,1,-0.4041,-0.737,2.0674
2515181491,1,-0.6352,-0.2455,1.9694,1,-0.551,-0.4077,2.0571,1,-0.6667,-0.4862,2.1701,1,-0.4321,-0.4699,2.0056,0.5,-0.7514,-0.6631,2.0244,0.5,-0.4853,-0.6067,1.8699,0.5,-0.6842,-0.6106,1.7971,0.5,-0.6771,-0.5728,1.7587,0.5,-0.7275,-0.5646,1.7278,0.5,-0.7289,-0.5637,1.731,1,-0.5249,-0.6068,2.1037,1,-0.5207,-0.6479,2.1163,1,-0.5643,-0.7202,2.1583,1,-0.4659,-0.6946,2.1027,0.5,-0.8476,-0.8066,1.9499,1,-0.5601,-0.6231,1.8143,0.5,-1.1268,-0.8917,1.7359,0.5,-0.3064,-0.7228,2.0966,0.5,-1.1802,-0.913,1.6686,1,-0.3783,-0.6953,2.0299
2515181496,1,-0.6353,-0.2456,1.9694,1,-0.5511,-0.4076,2.0571,1,-0.6669,-0.4858,2.1707,1,-0.4321,-0.4699,2.0056,0.5,-0.7514,-0.6627,2.0247,0.5,-0.4708,-0.6158,1.8752,0.5,-0.6671,-0.6197,1.8013,0.5,-0.6173,-0.6538,1.7532,0.5,-0.7275,-0.5646,1.7277,0.5,-0.7293,-0.5634,1.7309,1,-0.5271,-0.6075,2.1056,1,-0.5232,-0.6486,2.1184,1,-0.5668,-0.7201,2.1598,1,-0.4687,-0.6952,2.1054,0.5,-0.8479,-0.8057,1.948,1,-0.5592,-0.6237,1.8159,0.5,-1.125,-0.8901,1.7307,0.5,-0.3057,-0.7262,2.0976,0.5,-1.1783,-0.9115,1.6633,1,-0.4019,-0.74,2.0674
2515181499,1,-0.6347,-0.257,1.9693,1,-0.5555,-0.4198,2.0607,1,-0.669,-0.4912,2.1745,1,-0.4322,-0.4702,2.0054,0.5,-0.7528,-0.6661,2.0253,0.5,-0.4756,-0.6187,1.8703,0.5,-0.6825,-0.6125,1.7993,0.5,-0.6174,-0.6539,1.7532,0.5,-0.7266,-0.5649,1.7283,0.5,-0.7293,-0.5632,1.7311,1,-0.5286,-0.6118,2.107,1,-0.524,-0.6511,2.1192,1,-0.5676,-0.7262,2.1634,1,-0.4682,-0.6973,2.1043,0.5,-0.8486,-0.8029,1.9473,1,-0.5599,-0.6237,1.8154,0.5,-1.1253,-0.8785,1.7259,0.5,-0.3067,-0.7281,2.0967,0.5,-1.1787,-0.8999,1.6586,1,-0.4034,-0.7422,2.0679
2515181502,1,-0.6349,-0.2561,1.969,1,-0.5549,-0.4174,2.0602,1,-0.669,-0.4913,2.1744,1,-0.4322,-0.4702,2.0053,0.5,-0.7487,-0.6696,2.0272,0.5,-0.4777,-0.6153,1.8705,0.5,-0.6992,-0.6056,1.7983,0.5,-0.6176,-0.654,1.7531,0.5,-0.7262,-0.5651,1.7286,0.5,-0.7292,-0.5631,1.7312,1,-0.5291,-0.6119,2.1079,1,-0.5246,-0.6516,2.1203,1,-0.568,-0.726,2.1637,1,-0.4692,-0.6976,2.1063,0.5,-0.8489,-0.802,1.9476,1,-0.5593,-0.6242,1.8169,0.5,-1.1259,-0.8768,1.7261,1,-0.3495,-0.8176,2.0874,0.5,-1.1792,-0.8982,1.6587,0.5,-0.4463,-0.8311,2.0588
2515181505,1,-0.6368,-0.2518,1.9696,1,-0.554,-0.4139,2.0584,1,-0.6687,-0.49,2.174,1,-0.4322,-0.4703,2.0053,0.5,-0.7491,-0.6682,2.027,0.5,-0.4808,-0.614,1.87,0.5,-0.6924,-0.609,1.7984,0.5,-0.6312,-0.6352,1.7544,0.5,-0.7269,-0.5648,1.7283,0.5,-0.7296,-0.563,1.7309,1,-0.5295,-0.6117,2.1092,1,-0.5253,-0.6516,2.1223,1,-0.5692,-0.7248,2.1661,1,-0.4697,-0.6975,2.1092,0.5,-0.848,-0.8017,1.9476,1,-0.5579,-0.6242,1.8193,0.5,-1.1229,-0.8776,1.7237,1,-0.309,-0.7332,2.1028,0.5,-1.1761,-0.8994,1.6563,1,-0.3813,-0.7027,2.0379
2515181508,1,-0.6367,-0.2526,1.9694,1,-0.554,-0.4147,2.0585,1,-0.6687,-0.4907,2.1739,1,-0.4321,-0.4708,2.0052,0.5,-0.7494,-0.6685,2.0268,0.5,-0.481,-0.6143,1.8692,0.5,-0.6906,-0.6102,1.7985,0.5,-0.648,-0.6229,1.7502,0.5,-0.727,-0.5648,1.7281,0.5,-0.7296,-0.5629,1.731,1,-0.5295,-0.6125,2.1098,1,-0.5252,-0.6522,2.1229,1,-0.5691,-0.7252,2.1667,1,-0.4692,-0.6982,2.1094,0.5,-0.848,-0.8009,1.9483,1,-0.5579,-0.6243,1.82,0.5,-1.1233,-0.8755,1.7242,0.5,-0.3089,-0.7336,2.1034,0.5,-1.1765,-0.8974,1.6568,1,-0.3823,-0.7038,2.0394
2515181511,1,-0.6374,-0.2505,1.9698,1,-0.5533,-0.4116,2.0579,1,-0.6681,-0.4895,2.1729,1,-0.4321,-0.4705,2.0052,0.5,-0.7495,-0.6678,2.0262,0.5,-0.4496,-0.6105,1.8868,0.5,-0.6821,-0.6119,1.7995,0.5,-0.65,-0.6133,1.7554,0.5,-0.7266,-0.565,1.7285,0.5,-0.7297,-0.5627,1.731,1,-0.5297,-0.6122,2.1102,1,-0.5254,-0.6522,2.1234,1,-0.5694,-0.7247,2.1667,1,-0.4699,-0.6978,2.1109,0.5,-0.8482,-0.8009,1.9485,1,-0.5574,-0.6245,1.8211,0.5,-1.1235,-0.8761,1.7245,1,-0.311,-0.7308,2.1079,0.5,-1.1766,-0.8979,1.6571,1,-0.4064,-0.744,2.0747
2515181514,1,-0.6376,-0.2515,1.97,1,-0.554,-0.4134,2.0585,1,-0.6681,-0.4898,2.1727,1,-0.4321,-0.4706,2.0052,0.5,-0.7502,-0.6675,2.0258,0.5,-0.4865,-0.6166,1.8646,0.5,-0.682,-0.6131,1.7989,0.5,-0.6597,-0.6139,1.7493,0.5,-0.7263,-0.5651,1.7288,0.5,-0.7299,-0.5625,1.7311,1,-0.53,-0.6131,2.1118,1,-0.5255,-0.6529,2.125,1,-0.5691,-0.7252,2.1679,1,-0.4696,-0.6982,2.1127,0.5,-0.8409,-0.8138,1.9456,1,-0.5571,-0.6252,1.823,0.5,-1.1094,-0.9013,1.7175,1,-0.3109,-0.7329,2.1096,0.5,-1.162,-0.9241,1.65,1,-0.4064,-0.7454,2.0765
2515181519,1,-0.6375,-0.2514,1.97,1,-0.5528,-0.4116,2.0579,1,-0.668,-0.4898,2.1725,1,-0.4321,-0.4705,2.0052,0.5,-0.7502,-0.6675,2.0256,0.5,-0.4882,-0.6389,1.8608,0.5,-0.682,-0.6131,1.7987,0.5,-0.6485,-0.6209,1.7519,0.5,-0.7264,-0.5651,1.7288,0.5,-0.7299,-0.5625,1.7312,1,-0.5434,-0.6106,2.1462,1,-0.545,-0.6512,2.1732,1,-0.6001,-0.7091,2.221,1,-0.4884,-0.7038,2.1744,0.5,-0.8164,-0.8052,1.9454,1,-0.551,-0.6302,1.8422,0.5,-1.0303,-0.9003,1.6646,1,-0.3052,-0.7383,2.1291,0.5,-1.078,-0.9307,1.5963,0.5,-0.4003,-0.7492,2.094
2515181522,1,-0.637,-0.2507,1.9702,1,-0.5529,-0.411,2.0579,1,-0.6681,-0.4898,2.1728,1,-0.4322,-0.4705,2.0052,0.5,-0.7506,-0.6673,2.0257,0.5,-0.488,-0.6298,1.8619,0.5,-0.6799,-0.6136,1.7994,0.5,-0.6269,-0.6484,1.7505,0.5,-0.7264,-0.5651,1.7289,0.5,-0.7301,-0.5624,1.7313,1,-0.5361,-0.6115,2.1251,1,-0.5289,-0.653,2.1298,1,-0.5715,-0.7226,2.1671,1,-0.473,-0.6976,2.1176,0.5,-0.8433,-0.8066,1.9434,1,-0.5557,-0.6263,1.8262,0.5,-1.1122,-0.8896,1.7136,0.5,-0.3103,-0.7348,2.1134,0.5,-1.1647,-0.9126,1.6461,1,-0.4061,-0.7468,2.0807
2515181525,1,-0.6373,-0.2506,1.9701,1,-0.5526,-0.4103,2.0578,1,-0.6681,-0.4895,2.1728,1,-0.4322,-0.4704,2.0052,0.5,-0.7508,-0.6669,2.0257,0.5,-0.4887,-0.6371,1.8606,0.5,-0.6776,-0.6158,1.7996,0.5,-0.6312,-0.6363,1.7526,0.5,-0.7271,-0.5647,1.7286,0.5,-0.7299,-0.5623,1.7315,1,-0.5353,-0.611,2.1232,1,-0.5289,-0.6528,2.1298,1,-0.5718,-0.7222,2.1674,1,-0.473,-0.6974,2.1178,0.5,-0.841,-0.8111,1.9427,1,-0.5557,-0.6265,1.8264,0.5,-1.1075,-0.8992,1.7118,1,-0.3103,-0.7352,2.1136,0.5,-1.1599,-0.9223,1.6442,1,-0.4061,-0.7472,2.0808
2515181528,1,-0.6374,-0.2504,1.9702,1,-0.5523,-0.4097,2.0578,1,-0.6681,-0.4886,2.1729,1,-0.4321,-0.4707,2.0051,0.5,-0.751,-0.6659,2.0258,0.5,-0.4882,-0.6249,1.8618,0.5,-0.6787,-0.6154,1.7992,0.5,-0.6492,-0.6211,1.7496,0.5,-0.727,-0.5647,1.7287,0.5,-0.7301,-0.5622,1.7313,1,-0.5348,-0.6107,2.122,1,-0.5288,-0.6526,2.1298,1,-0.5718,-0.722,2.168,1,-0.4731,-0.6974,2.1178,0.5,-0.8403,-0.8126,1.9434,1,-0.5556,-0.6266,1.8265,0.5,-1.1063,-0.9024,1.7125,1,-0.3102,-0.7356,2.1137,0.5,-1.1588,-0.9255,1.6449,1,-0.4059,-0.7475,2.0809
2515181531,1,-0.6374,-0.25,1.9701,1,-0.5526,-0.4097,2.0582,1,-0.6682,-0.489,2.1731,1,-0.4321,-0.4707,2.0051,0.5,-0.7517,-0.6657,2.0255,0.5,-0.4883,-0.6236,1.8618,0.5,-0.6798,-0.615,1.7989,0.5,-0.6511,-0.6202,1.7491,0.5,-0.7277,-0.5645,1.728,0.5,-0.7304,-0.5621,1.7309,1,-0.534,-0.6113,2.1205,1,-0.5285,-0.6529,2.1295,1,-0.5714,-0.7227,2.1679,1,-0.4725,-0.6977,2.1171,0.5,-0.8432,-0.8077,1.9446,1,-0.5559,-0.6263,1.8259,0.5,-1.1123,-0.8919,1.7152,1,-0.2992,-0.7459,2.0996,0.5,-1.165,-0.9147,1.6476,1,-0.3724,-0.7136,2.0365
2515181536,1,-0.6374,-0.25,1.9701,1,-0.5525,-0.4095,2.0582,1,-0.6668,-0.4878,2.1713,1,-0.4321,-0.4707,2.0051,0.5,-0.7512,-0.6649,2.0249,0.5,-0.4534,-0.617,1.8879,0.5,-0.6798,-0.6146,1.7979,0.5,-0.6437,-0.6224,1.7513,0.5,-0.7276,-0.5644,1.7282,0.5,-0.7304,-0.5621,1.731,1,-0.5335,-0.6116,2.1198,1,-0.5284,-0.6529,2.1294,1,-0.5713,-0.7227,2.1681,1,-0.4724,-0.6978,2.117,0.5,-0.8435,-0.8051,1.9446,1,-0.5558,-0.6261,1.826,0.5,-1.1131,-0.8867,1.7148,0.5,-0.2976,-0.7515,2.096,0.5,-1.1658,-0.9094,1.6472,1,-0.3951,-0.7593,2.0672
2515181538,1,-0.6369,-0.2503,1.9702,1,-0.5521,-0.4093,2.0579,1,-0.6676,-0.4882,2.1729,1,-0.4321,-0.4707,2.0051,0.5,-0.7515,-0.665,2.0256,0.5,-0.4805,-0.6085,1.873,0.5,-0.6785,-0.6149,1.7991,0.5,-0.6242,-0.6474,1.7514,0.5,-0.7276,-0.5644,1.7283,0.5,-0.7305,-0.562,1.731,1,-0.533,-0.6113,2.118,1,-0.5283,-0.6527,2.1287,1,-0.5713,-0.7227,2.1681,1,-0.4724,-0.6978,2.1155,0.5,-0.8447,-0.8039,1.945,1,-0.5561,-0.6255,1.8244,0.5,-1.1153,-0.8842,1.7158,1,-0.3056,-0.7417,2.1051,0.5,-1.1682,-0.9066,1.6483,1,-0.376,-0.7113,2.0379
2515181541,1,-0.6371,-0.2501,1.9701,1,-0.5524,-0.4091,2.0581,1,-0.6679,-0.4887,2.1732,1,-0.4321,-0.4708,2.0051,0.5,-0.7516,-0.6653,2.0256,0.5,-0.4808,-0.6098,1.8714,0.5,-0.6777,-0.6149,1.7995,0.5,-0.6279,-0.6359,1.7528,0.5,-0.7269,-0.5646,1.7286,0.5,-0.7303,-0.562,1.7311,1,-0.533,-0.6113,2.1179,1,-0.5283,-0.6527,2.1287,1,-0.5713,-0.7228,2.1684,1,-0.4724,-0.6978,2.1156,0.5,-0.8428,-0.8089,1.945,1,-0.5557,-0.6254,1.8246,0.5,-1.1116,-0.894,1.7154,1,-0.3043,-0.7404,2.105,0.5,-1.1644,-0.9167,1.6478,1,-0.3282,-0.7115,2.0102
2515181546,1,-0.637,-0.2449,1.9696,1,-0.5522,-0.4076,2.058,1,-0.668,-0.4882,2.1732,1,-0.4322,-0.4705,2.0052,0.5,-0.7516,-0.665,2.0257,0.5,-0.4829,-0.6111,1.8701,0.5,-0.6772,-0.6146,1.7998,0.5,-0.6247,-0.6441,1.7527,0.5,-0.7266,-0.5648,1.7286,0.5,-0.7306,-0.5619,1.7308,1,-0.5328,-0.6108,2.1171,1,-0.5282,-0.6523,2.1283,1,-0.5713,-0.7225,2.168,1,-0.4725,-0.6975,2.1153,0.5,-0.8452,-0.805,1.9457,1,-0.5559,-0.6249,1.824,0.5,-1.1161,-0.8867,1.7173,0.5,-0.3039,-0.7392,2.1044,0.5,-1.1691,-0.909,1.6498,1,-0.3278,-0.7104,2.0095
2515181549,1,-0.6372,-0.2436,1.9691,1,-0.5524,-0.4073,2.0579,1,-0.6679,-0.4882,2.1728,1,-0.4322,-0.4705,2.0051,0.5,-0.7495,-0.6671,2.0269,0.5,-0.4837,-0.6117,1.8691,0.5,-0.6821,-0.6122,1.7998,0.5,-0.6517,-0.6214,1.7482,0.5,-0.7272,-0.5645,1.7282,0.5,-0.7307,-0.5618,1.7308,1,-0.5327,-0.6109,2.1168,1,-0.5281,-0.6524,2.1283,1,-0.5712,-0.7226,2.1679,1,-0.4725,-0.6975,2.1153,0.5,-0.8456,-0.8029,1.9457,1,-0.5558,-0.6251,1.8241,0.5,-1.1172,-0.8825,1.7172,1,-0.3018,-0.7434,2.1013,0.5,-1.1701,-0.9047,1.6496,1,-0.3733,-0.7124,2.0356
2515181552,1,-0.6372,-0.2436,1.9691,1,-0.5525,-0.4073,2.058,1,-0.668,-0.4866,2.1726,1,-0.4322,-0.4705,2.0051,0.5,-0.7495,-0.6659,2.0272,0.5,-0.4837,-0.613,1.8679,0.5,-0.6824,-0.6122,1.7997,0.5,-0.6525,-0.6206,1.7482,0.5,-0.7283,-0.5641,1.7277,0.5,-0.7306,-0.5618,1.7309,1,-0.533,-0.6109,2.1172,1,-0.5287,-0.6522,2.1294,1,-0.5721,-0.722,2.1697,1,-0.4737,-0.6976,2.1176,0.5,-0.8407,-0.812,1.9444,1,-0.5552,-0.6254,1.8259,0.5,-1.1069,-0.9011,1.7127,0.5,-0.3009,-0.7446,2.1026,0.5,-1.1595,-0.9239,1.6451,1,-0.3983,-0.7542,2.0739
2515181555,1,-0.6372,-0.2442,1.9688,1,-0.552,-0.4069,2.0576,1,-0.6682,-0.4869,2.1727,1,-0.4324,-0.4698,2.0052,0.5,-0.7498,-0.6662,2.027,0.5,-0.4491,-0.6114,1.8884,0.5,-0.6836,-0.6113,1.7992,0.5,-0.6466,-0.6202,1.752,0.5,-0.7275,-0.5643,1.7281,0.5,-0.7297,-0.5621,1.7311,1,-0.5271,-0.6076,2.109,1,-0.5216,-0.6479,2.1198,1,-0.5648,-0.7213,2.162,1,-0.4615,-0.6901,2.0996,0.5,-0.8421,-0.8129,1.9479,1,-0.5612,-0.6224,1.8124,0.5,-1.1165,-0.9036,1.7274,1,-0.3092,-0.7405,2.0915,0.5,-1.1698,-0.9258,1.6601,0.5,-0.4072,-0.7505,2.0653
2515181558,1,-0.6359,-0.2448,1.9689,1,-0.552,-0.4072,2.0577,1,-0.6682,-0.4871,2.1728,1,-0.4324,-0.4697,2.0051,0.5,-0.7482,-0.6677,2.0277,0.5,-0.4794,-0.5996,1.8766,0.5,-0.6779,-0.617,1.8002,0.5,-0.6581,-0.6143,1.7468,0.5,-0.7274,-0.5643,1.7282,0.5,-0.7297,-0.5621,1.7311,1,-0.5278,-0.6081,2.109,1,-0.5227,-0.6485,2.1201,1,-0.5662,-0.7219,2.1628,1,-0.4651,-0.6926,2.1011,0.5,-0.8455,-0.8058,1.9476,1,-0.5605,-0.6226,1.8127,0.5,-1.1218,-0.8887,1.7262,1,-0.3089,-0.7397,2.0927,0.5,-1.1752,-0.9104,1.6588,1,-0.3798,-0.709,2.0261
2515181561,1,-0.6363,-0.2456,1.9689,1,-0.55,-0.4058,2.0567,1,-0.668,-0.4845,2.1713,1,-0.4324,-0.4694,2.0051,0.5,-0.7484,-0.6656,2.0273,0.5,-0.4575,-0.6114,1.887,0.5,-0.6766,-0.6173,1.7997,0.5,-0.6543,-0.6144,1.7492,0.5,-0.7274,-0.5642,1.7283,0.5,-0.7296,-0.5621,1.7311,1,-0.5197,-0.599,2.0954,1,-0.5133,-0.6371,2.1035,1,-0.5569,-0.7111,2.1434,1,-0.451,-0.6787,2.079,0.5,-0.8505,-0.8072,1.9544,1,-0.57,-0.6207,1.7966,0.5,-1.1407,-0.9022,1.7591,1,-0.3202,-0.7358,2.079,0.5,-1.1954,-0.9229,1.6924,1,-0.4178,-0.7481,2.0522
2515181564,1,-0.6359,-0.2452,1.9689,1,-0.55,-0.4049,2.0565,1,-0.6672,-0.4841,2.1695,1,-0.4325,-0.4692,2.0052,0.5,-0.7457,-0.6677,2.0278,0.5,-0.4843,-0.6123,1.8677,0.5,-0.6753,-0.6183,1.8001,0.5,-0.6414,-0.6216,1.7518,0.5,-0.7278,-0.5639,1.7279,0.5,-0.7304,-0.5616,1.7307,1,-0.5237,-0.6032,2.1024,1,-0.5199,-0.6448,2.1157,1,-0.5631,-0.7161,2.1548,1,-0.4671,-0.6919,2.1073,0.5,-0.8067,-0.7871,1.9788,1,-0.5584,-0.6246,1.8167,0.5,-1.1326,-0.8821,1.7379,1,-0.3092,-0.7382,2.1003,0.5,-1.1863,-0.9033,1.6705,1,-0.4059,-0.7495,2.0699
2515181569,1,-0.6359,-0.2453,1.969,1,-0.5502,-0.4052,2.0565,1,-0.6677,-0.4848,2.1704,1,-0.4325,-0.4691,2.0052,0.5,-0.7478,-0.6664,2.0268,0.5,-0.4848,-0.6128,1.8677,0.5,-0.6777,-0.6169,1.799,0.5,-0.64,-0.6222,1.7522,0.5,-0.7279,-0.5639,1.7278,0.5,-0.7305,-0.5615,1.7306,1,-0.5261,-0.6034,2.1046,1,-0.5222,-0.6444,2.1178,1,-0.566,-0.7163,2.1604,1,-0.4683,-0.6919,2.1075,0.5,-0.8177,-0.8666,1.9465,1,-0.5581,-0.6239,1.8163,0.5,-1.0666,-1.0151,1.7267,0.5,-0.3102,-0.7341,2.1023,0.5,-1.1184,-1.0399,1.6591,1,-0.4067,-0.7463,2.0715
2515181572,1,-0.6364,-0.2459,1.9691,1,-0.5497,-0.4046,2.0563,1,-0.6677,-0.4848,2.1702,1,-0.4325,-0.469,2.0053,0.5,-0.7482,-0.666,2.0264,0.5,-0.4524,-0.6114,1.8903,0.5,-0.6779,-0.6169,1.7985,0.5,-0.6447,-0.6199,1.7505,0.5,-0.7278,-0.5639,1.7278,0.5,-0.7303,-0.5615,1.7308,1,-0.5204,-0.6008,2.0979,1,-0.5136,-0.6403,2.1071,1,-0.5569,-0.7141,2.146,1,-0.4456,-0.6794,2.0811,1,-0.8098,-0.7871,1.9844,1,-0.5685,-0.6223,1.7998,0.5,-1.1478,-0.8848,1.763,1,-0.3215,-0.7327,2.0867,0.5,-1.2024,-0.9055,1.6963,0.5,-0.4181,-0.7461,2.0566
2515181575,1,-0.6368,-0.2476,1.9686,1,-0.5501,-0.405,2.0565,1,-0.6672,-0.486,2.1692,1,-0.4322,-0.4698,2.0051,0.5,-0.7489,-0.6667,2.0254,0.5,-0.4695,-0.6103,1.875,0.5,-0.682,-0.6136,1.7974,0.5,-0.6395,-0.6213,1.752,0.5,-0.7272,-0.5642,1.7281,0.5,-0.7292,-0.5627,1.731,1,-0.5237,-0.6075,2.1067,1,-0.5185,-0.6493,2.1204,1,-0.5612,-0.7214,2.1599,1,-0.4641,-0.6979,2.1163,0.5,-0.8467,-0.8104,1.9544,1,-0.5548,-0.6273,1.8258,0.5,-1.1288,-0.8984,1.7428,0.5,-0.3081,-0.7378,2.113,0.5,-1.1822,-0.9209,1.6755,1,-0.3809,-0.7081,2.048
2515181578,1,-0.6369,-0.2473,1.9686,1,-0.55,-0.4049,2.0563,1,-0.6671,-0.4861,2.1689,1,-0.4322,-0.4695,2.0051,0.5,-0.7496,-0.6664,2.0249,0.5,-0.4739,-0.6098,1.872,0.5,-0.6835,-0.6121,1.7969,0.5,-0.6444,-0.62,1.7508,0.5,-0.7272,-0.5642,1.7281,0.5,-0.7292,-0.5626,1.7311,1,-0.5261,-0.6068,2.1096,1,-0.522,-0.6481,2.1241,1,-0.5682,-0.7171,2.167,1,-0.4662,-0.6965,2.1174,0.5,-0.8167,-0.8703,1.9505,1,-0.5547,-0.6274,1.8256,0.5,-1.0621,-1.0217,1.7281,1,-0.3103,-0.7339,2.1162,0.5,-1.1133,-1.0478,1.6605,1,-0.4063,-0.7455,2.0836
2515181581,1,-0.6368,-0.2475,1.9687,1,-0.553,-0.4083,2.0573,1,-0.6674,-0.4914,2.1696,1,-0.4321,-0.4697,2.005,0.5,-0.7521,-0.6689,2.0233,0.5,-0.4584,-0.6113,1.8836,0.5,-0.6799,-0.6133,1.7976,0.5,-0.6475,-0.6194,1.7501,0.5,-0.7272,-0.5642,1.7281,0.5,-0.7292,-0.5626,1.7311,1,-0.5284,-0.61,2.1108,1,-0.5237,-0.6507,2.1248,1,-0.5689,-0.7226,2.1673,1,-0.4672,-0.6971,2.1168,0.5,-0.8474,-0.8003,1.9472,1,-0.5548,-0.6268,1.8252,0.5,-1.1226,-0.8772,1.7212,0.5,-0.3124,-0.7303,2.1184,0.5,-1.1751,-0.8996,1.6532,1,-0.4081,-0.7426,2.0853
2515181585,1,-0.6367,-0.2474,1.9686,1,-0.5527,-0.408,2.0573,1,-0.6674,-0.4898,2.1697,1,-0.4321,-0.4696,2.005,0.5,-0.7518,-0.6677,2.0237,0.5,-0.4722,-0.6137,1.8718,0.5,-0.6801,-0.6131,1.7975,0.5,-0.6407,-0.6217,1.7525,0.5,-0.7271,-0.5642,1.7281,0.5,-0.7289,-0.563,1.7309,1,-0.5286,-0.6098,2.1107,1,-0.5242,-0.6503,2.1244,1,-0.5692,-0.722,2.1669,1,-0.4687,-0.6964,2.1148,0.5,-0.8271,-0.8558,1.9482,1,-0.5555,-0.6263,1.8225,0.5,-1.0819,-0.9879,1.7237,0.5,-0.3124,-0.7281,2.116,0.5,-1.1334,-1.013,1.6559,1,-0.4083,-0.741,2.0834
2515181588,1,-0.6365,-0.2478,1.9687,1,-0.5516,-0.4068,2.0565,1,-0.6666,-0.4883,2.168,1,-0.4321,-0.4695,2.005,0.5,-0.7515,-0.6665,2.0227,0.5,-0.4585,-0.6111,1.884,0.5,-0.6781,-0.6125,1.797,0.5,-0.6437,-0.6197,1.7513,0.5,-0.7273,-0.564,1.7281,0.5,-0.7288,-0.5628,1.7311,1,-0.5284,-0.6092,2.1093,1,-0.524,-0.6498,2.1224,1,-0.5684,-0.7211,2.1638,1,-0.4688,-0.695,2.1095,0.5,-0.8272,-0.8598,1.9489,1,-0.5572,-0.6251,1.8174,0.5,-1.0827,-0.9968,1.7282,1,-0.313,-0.7323,2.1083,0.5,-1.1342,-1.0217,1.6604,0.5,-0.4085,-0.7461,2.075
